-- phpMyAdmin SQL Dump
-- version 5.2.1
-- https://www.phpmyadmin.net/
--
-- Host: 127.0.0.1
-- Generation Time: Apr 28, 2025 at 12:28 PM
-- Server version: 10.4.32-MariaDB
-- PHP Version: 8.2.12

SET SQL_MODE = "NO_AUTO_VALUE_ON_ZERO";
START TRANSACTION;
SET time_zone = "+00:00";


/*!40101 SET @OLD_CHARACTER_SET_CLIENT=@@CHARACTER_SET_CLIENT */;
/*!40101 SET @OLD_CHARACTER_SET_RESULTS=@@CHARACTER_SET_RESULTS */;
/*!40101 SET @OLD_COLLATION_CONNECTION=@@COLLATION_CONNECTION */;
/*!40101 SET NAMES utf8mb4 */;

--
-- Database: `bullet_hell`
--
CREATE DATABASE IF NOT EXISTS `bullet_hell` DEFAULT CHARACTER SET utf8mb4 COLLATE utf8mb4_hungarian_ci;
USE `bullet_hell`;

-- --------------------------------------------------------

--
-- Table structure for table `maps`
--

CREATE TABLE `maps` (
  `id` int(11) NOT NULL,
  `name` varchar(50) NOT NULL,
  `file_name` varchar(50) NOT NULL,
  `description` text DEFAULT NULL,
  `music_pack_id` int(11) DEFAULT NULL
) ENGINE=InnoDB DEFAULT CHARSET=utf8mb4 COLLATE=utf8mb4_hungarian_ci;

--
-- Dumping data for table `maps`
--

INSERT INTO `maps` (`id`, `name`, `file_name`, `description`, `music_pack_id`) VALUES
(1, 'Slaughterhouse', 'slaughterhouse.png', 'This is the kind of place you really shouldn\'t go into, but out of sheer curiosity, you step in. The scent of blood and what you see overloads your senses. You will never get out.', 3),
(3, 'Palace of the Setting Sun', 'medieval_japan.png', 'I live by the sword, you die by my sword.', 2),
(4, 'Limitless', 'practice.png', 'Every weapon deserves a chance to shine. Even if they are trash. But you never know.', 5);

-- --------------------------------------------------------

--
-- Table structure for table `map_weapons`
--

CREATE TABLE `map_weapons` (
  `map_id` int(11) NOT NULL,
  `weapon_id` int(11) NOT NULL
) ENGINE=InnoDB DEFAULT CHARSET=utf8mb4 COLLATE=utf8mb4_hungarian_ci;

--
-- Dumping data for table `map_weapons`
--

INSERT INTO `map_weapons` (`map_id`, `weapon_id`) VALUES
(1, 11),
(1, 12),
(1, 13),
(1, 14),
(1, 15),
(1, 16),
(3, 31),
(3, 32),
(3, 33),
(3, 34),
(3, 35),
(3, 36);

-- --------------------------------------------------------

--
-- Table structure for table `music_packs`
--

CREATE TABLE `music_packs` (
  `id` int(11) NOT NULL,
  `name` varchar(255) NOT NULL,
  `cover_image` varchar(40) NOT NULL,
  `anthem` varchar(50) NOT NULL,
  `main_menu_theme1` varchar(50) NOT NULL,
  `main_menu_theme2` varchar(50) NOT NULL,
  `description` text DEFAULT NULL
) ENGINE=InnoDB DEFAULT CHARSET=utf8mb4 COLLATE=utf8mb4_hungarian_ci;

--
-- Dumping data for table `music_packs`
--

INSERT INTO `music_packs` (`id`, `name`, `cover_image`, `anthem`, `main_menu_theme1`, `main_menu_theme2`, `description`) VALUES
(1, 'Dusqk', 'dusqk_coverart.png', 'kit_crt1/crt_head - Night Ops.wav', 'kit_crt1/crt_head - Electrosphere.wav', 'kit_crt1/crt_head - Gunstar Heroes.wav', 'Floaty, angelic voices and electric beats assist you in your fight with your opponent.\nby Dusqk'),
(2, 'CRT_HEAD1', 'crt1_coverart.png', 'kit_crt1/crt_head - Night Ops.wav', 'kit_crt1/crt_head - Electrosphere.wav', 'kit_crt1/crt_head - Gunstar Heroes.wav', 'Adrenaline and bloodthirst come together in this engaging kit, if it makes your skin crawl, it\'s already made the difference.'),
(3, 'CRT_HEAD2', 'crt2_coverart.png', 'kit_crt2/azure.ogg', 'kit_crt2/boctok.ogg', 'kit_crt2/deja_vu.ogg', 'The slaughterhouse has produced another set of electric screams just for you to consume.'),
(4, 'hellstar plus', 'hellstar_plus.png', 'kit_hellstar.plus/red_raw_against_the_grain.ogg', 'kit_hellstar.plus/heretical_priestess.ogg', 'kit_hellstar.plus/sever.ogg', 'Adjust your heart rate to the beat, and you are guaranteed to see things in slow motion. Use your time gains, practice makes perfect.'),
(5, 'Mute City', 'mutecity1_coverart.png', 'kit_mutecity1/loser_talk.ogg', 'kit_mutecity1/how_to_disassociate_completely.ogg', 'kit_mutecity1/compliance.ogg', 'Mute City is the place you stand, all alone, after beating every one of your brothers. You may think to yourself: \"Where do we go from here?\"... Who said you can\'t do it again?');

-- --------------------------------------------------------

--
-- Table structure for table `players`
--

CREATE TABLE `players` (
  `username` varchar(255) NOT NULL,
  `points` int(11) NOT NULL DEFAULT 0,
  `all_wins` int(11) NOT NULL DEFAULT 0,
  `all_games_played` int(11) NOT NULL DEFAULT 0,
  `kills` int(11) NOT NULL DEFAULT 0,
  `deaths` int(11) NOT NULL DEFAULT 0,
  `music_pack_id` int(11) DEFAULT NULL,
  `active_skin_id` int(11) DEFAULT NULL
) ENGINE=InnoDB DEFAULT CHARSET=utf8mb4 COLLATE=utf8mb4_hungarian_ci;

--
-- Dumping data for table `players`
--

INSERT INTO `players` (`username`, `points`, `all_wins`, `all_games_played`, `kills`, `deaths`, `music_pack_id`, `active_skin_id`) VALUES
('03ZRMl8QysToVgTt8XSnN1hs2hYtgd', 0, 36, 299, 108, 756, 2, 1),
('09ISFkJD70F9C207pl6qnXxRjuxUEY', 3375, 202, 230, 606, 471, 2, 1),
('0cFGOA6mX0KMz2ZOVtc7SYSdM8Nzh4', 3600, 61, 75, 183, 39, 2, 1),
('0CnoijoaByupEmfxXtoPf092jafFxR', 0, 20, 215, 60, 604, 2, 1),
('0CuTn5E7wWeECizIfL4nNb8suRk9w0', 0, 230, 460, 690, 691, 2, 1),
('0goPIiE2qD91gulh6lbpeMtYTn1JKd', 2475, 128, 210, 384, 285, 2, 1),
('0Iw4qEQI96eHZPfvIdz6Sr3KLunF2Q', 0, 75, 307, 225, 695, 2, 1),
('0QCBxo4w5fRAE2MBNMBagPcX3pngaQ', 0, 42, 312, 126, 782, 2, 1),
('0TLtiehhoj9idfLmyXBq2XKd984kHR', 2000, 84, 153, 252, 172, 2, 1),
('0V7mjbANUUS9V0PprREHRCpfIn5E4E', 0, 2, 288, 6, 749, 2, 1),
('0YEmpBDtadIaajWFIyhxFaWZBTqqy0', 0, 28, 62, 84, 100, 2, 1),
('12Eh41xf6eb3r4jTykDq0cNfwRLZmh', 8200, 243, 314, 729, 401, 2, 1),
('1EkXkIzB2ZOFbRJF2QMZxLWm8R2ZgR', 9500, 248, 257, 744, 364, 2, 1),
('1lUID8EWmx2Qb8rywovQkVHEemlpwH', 600, 329, 469, 987, 963, 2, 1),
('1NPlJ5Cniw8I5o8d7pi8I9jZPhQWCK', 650, 95, 126, 285, 259, 2, 1),
('2AeYxugcanMHOhlMHr99ybqsWfKfjz', 0, 23, 152, 69, 360, 2, 1),
('2iCDPV7DKEmOuo9ztufBvRzoW0k4T8', 2100, 68, 81, 204, 120, 2, 1),
('2IjtcF1OP7N8fvNeDk9SzdooB15a7Q', 6150, 287, 428, 861, 615, 2, 1),
('2LuZB0bLRqzTAtKVri2wVw3rxushov', 8400, 206, 212, 618, 282, 2, 1),
('2TNVW577AIXyW5saUDjS9k4HGd1CAA', 0, 2, 19, 6, 46, 2, 1),
('2XYx6xJ4yUmrXczGIQZCFNwdgqWYvT', 0, 162, 362, 486, 843, 2, 1),
('30392c3bHQ5gD1lIXvXmKcZZbLXGkg', 13175, 480, 503, 1440, 913, 2, 1),
('3049v2p5hb9RxpJSRColIsglvHh4Qo', 0, 233, 488, 699, 1099, 2, 1),
('36gMfjZiK6x6B7oVeDlZYY2LnYq25K', 1100, 39, 42, 117, 73, 2, 1),
('3bAjMyFH1HIyyoR3ZSGGl5Rr0I3vte', 12000, 358, 467, 1074, 594, 2, 1),
('3dqiXHv681Cs6Yyov8fnOb5SAqWtUq', 0, 63, 140, 189, 197, 2, 1),
('3RGQFQ5Itck1Q6UJq1AhYHEZnA8dio', 0, 52, 147, 156, 283, 2, 1),
('3rVVhmwPJMHQwCT6Pu1D223E067F4o', 0, 10, 164, 30, 447, 2, 1),
('3VCDZl9K2Cq1SKLqLf8wIvolWNCy3s', 0, 41, 358, 123, 853, 2, 1),
('3zacttDeWhn0gD2LlFw0N79kPS3BGw', 0, 124, 220, 372, 464, 2, 1),
('3Zmy6WRf9Uz4HNg378WTFAEXZqtVjG', 5225, 289, 497, 867, 658, 2, 1),
('41MzIz2LrxI0X4A8EL4xnj5DUEaxOU', 0, 34, 72, 102, 145, 2, 1),
('4AS7oFdUm55IBjZUIANxFSQAa0YuHF', 22125, 395, 501, 1185, 300, 2, 1),
('4BFQ6pSf9D83DWMW0mHrlv1cRRzt6N', 11350, 341, 415, 1023, 569, 2, 1),
('4fsd5358PYtxBxoGxyUDa2qftinj43', 2950, 146, 170, 438, 320, 2, 1),
('4IWlmMC6FSmHQ6yhhXgp93lOG63EEP', 0, 152, 434, 456, 698, 2, 1),
('4omfx4KR6Yks52PPf5qHsfZ8CHxHzC', 0, 47, 151, 141, 307, 2, 1),
('4uP4prDZpEiLUTHCtRkRd1pPP4wYQH', 0, 103, 248, 309, 403, 2, 1),
('4VoWRGAeptxcrgA8b0ySIZp77HWaDT', 0, 64, 247, 192, 521, 2, 1),
('4xcZSPSz3O8O47yEqUptiB9m4Q1K6r', 0, 14, 23, 42, 46, 2, 1),
('50L0gQDuKNDCX98mz4b5BMxyey6xsq', 0, 71, 432, 213, 923, 2, 1),
('56G82mDPc55yfcAHXkIzHsy7vHvA9V', 0, 64, 280, 192, 680, 2, 1),
('56WjXjZSCUq8DfC1inKaTjpWUOnvv1', 9825, 327, 347, 981, 588, 2, 1),
('5e2C1gUZlve1T5Bvn9lCn2x9OwUt1T', 3450, 77, 102, 231, 93, 2, 1),
('5GSjVeCVMW3bR91U1wze3eQxQ1UiVd', 50, 50, 83, 150, 148, 2, 1),
('5hde7U1ZXShjlIZCzHRsbtaqFgOp9f', 0, 27, 82, 81, 158, 2, 1),
('5OANCbja2HqacrSNDQFYAVZLpmEHpr', 0, 18, 128, 54, 282, 2, 1),
('5QbCcBHGQNrzaZiNtiQFVrTVJGnRmz', 16525, 273, 333, 819, 158, 2, 1),
('5QKVSGRgiLbh6Ok64Xqx1rrANDVKpo', 2025, 150, 193, 450, 369, 2, 1),
('5Qlw22B0JSF1PJGv1zgbzXlVUUfmv5', 9475, 170, 178, 510, 131, 2, 1),
('5uIIq3q6nD9mnJl4KCBLQ8pRGKDTnf', 0, 85, 183, 255, 368, 2, 1),
('5Z3RndD4JARP5ypZuWscTy0inJvbbD', 7800, 298, 332, 894, 582, 2, 1),
('5zHt45nLXBrlRcEXpQPlhrqI6HMfF9', 0, 61, 131, 183, 205, 2, 1),
('693cA3avedsKEw4vtU2bv5QIBxAT8G', 0, 90, 207, 270, 421, 2, 1),
('69jBEfYshSEyIkuO5c1BkdFQhOiWoN', 13675, 204, 220, 612, 65, 2, 1),
('6cLOMAABUenKi1zfl6dwxWhIGTmE1Z', 8825, 155, 180, 465, 112, 2, 1),
('6f2YPNNfToogI5KGKGFkTq9dItQCOz', 0, 84, 225, 252, 463, 2, 1),
('6GsY4vtynTuXS71bHocVSsKBU9Frcw', 8075, 139, 157, 417, 94, 2, 1),
('6hLmeK2ra3rww8Rcvrdhf7aYdOC30Y', 19075, 420, 449, 1260, 497, 2, 1),
('6R5OLUgyhW1JHbXFSlZTtwW7UgHdbZ', 20925, 417, 435, 1251, 414, 2, 1),
('6rRBdMsRYIjLo184GSZU3D4fY9otvc', 0, 32, 289, 96, 586, 2, 1),
('6TJ4Ove1Vneee2dhmpIvQuwf6AFfur', 0, 31, 219, 93, 550, 2, 1),
('6toYZAEuCozEkfmtjx83G9q1jV5TMB', 5950, 375, 445, 1125, 887, 2, 1),
('6UEJ1k5n0AaxqsE1ggQeX3pOIdu8Js', 10425, 275, 417, 825, 408, 2, 1),
('6uhlTxEtabzwFHAQkHK0N9gkYw4mMY', 0, 89, 390, 267, 913, 2, 1),
('6XCsxFSCEGrHGxqgem3ykAH4WsoFqs', 0, 31, 91, 93, 143, 2, 1),
('6xobndkZth8mp6a13IhhsHF1ivZjS1', 30500, 414, 421, 1242, 22, 2, 1),
('6yBpMEAKpHUpkfQzadDXsNACOTUyIz', 11200, 213, 280, 639, 191, 2, 1),
('6zRbJR90ryzlJnrwINOklER563hkQ0', 0, 24, 183, 72, 350, 2, 1),
('73aFAI43DlRTVV0RoBbsqtn66GXxuk', 0, 73, 423, 219, 886, 2, 1),
('7aFFUNQL9EfSLCbgFqGJOXCpRJt8GQ', 0, 0, 32, 0, 78, 2, 1),
('7BcZdD58W5rbVU04lRjJu9wYeWSl8Y', 0, 246, 483, 738, 1073, 2, 1),
('7Bt9q5gSAUgKI4hxKqOCcX42DkCSOi', 5825, 289, 326, 867, 634, 2, 1),
('7exrTGK6ea3snEmZv1ErbQoqHY1xqh', 0, 18, 204, 54, 410, 2, 1),
('7hMaCrrGYIMhlvXzz6swzi299yKmwJ', 19100, 320, 359, 960, 196, 2, 1),
('7SNA8ZYZ2L7Bdtz7i1ZXlJ5UONLSKQ', 275, 51, 72, 153, 142, 2, 1),
('7TWGwZ4anzr04S7sPQU3qYI8WdbAJl', 0, 58, 385, 174, 840, 2, 1),
('7vvVF8N3TeaxiXiEq4YIrZx5dQ0KYE', 1400, 58, 64, 174, 118, 2, 1),
('7ZNz5wwND4LqTtTmf5rnztp1Oo9QCh', 1550, 73, 111, 219, 157, 2, 1),
('7ZUb3KspOrl90nXfD1ac63DoNcYfJs', 0, 77, 127, 231, 273, 2, 1),
('85yHuB2upqmBmRYmuUQOk1nQC1ePtZ', 14425, 267, 293, 801, 224, 2, 1),
('8BN1SJqx8bWfNQ8zLK0VtGeWLGQdEY', 0, 12, 46, 36, 104, 2, 1),
('8fFnfV7stvtzUVKupwMN5KfOTlP4Z4', 0, 55, 230, 165, 450, 2, 1),
('8lWUlHy22YahjfafmQLqSrN0Kc6Q6T', 0, 43, 250, 129, 596, 2, 1),
('8TNm2HnTzi6wI2mMzaKELfL1B0WIf4', 17550, 250, 260, 750, 48, 2, 1),
('8vdFW6hHXMexeKPAY0Ft2pGsdZVJTR', 2025, 67, 107, 201, 120, 2, 1),
('8WFO0LQSR8qASzcByOwORSH18yvgsG', 26675, 365, 373, 1095, 28, 2, 1),
('90kNftp5rcQRSu6LBFuLAW0dsdbn3J', 0, 170, 290, 510, 528, 2, 1),
('92b8ObGzeJs9M7KjRVRrF1MOmjv1YI', 0, 169, 333, 507, 563, 2, 1),
('94XxttdC4OZtccFGHGjQKOMXI0VGZI', 0, 10, 55, 30, 143, 2, 1),
('9dGQFZuwmzjGyQleFen7kgWA8j0a1F', 2925, 62, 69, 186, 69, 2, 1),
('9jmRnR1FSfmvVqjuKrslRnJmkrvqh9', 4650, 282, 429, 846, 660, 2, 1),
('9Niqpd4DRvKybcggGLQZHqVXqTXXQ0', 7375, 246, 394, 738, 443, 2, 1),
('9s9KoNaxJUcotC4AuQ7bk6TpSFD8g1', 6775, 409, 498, 1227, 956, 2, 1),
('9ylXLgnosmBqHGWauqV69NeOsclIUv', 0, 74, 397, 222, 979, 2, 1),
('9z7NnLqCKLNzEfSGrcPp23yHB2h5M5', 0, 231, 423, 693, 730, 2, 1),
('9zu5mLFQ7tfmRywdVANVQKgrXs2lVk', 0, 11, 92, 33, 186, 2, 1),
('a2RCGXBIul9NXNNRKnEl9HlRejZqPN', 0, 5, 28, 15, 65, 2, 1),
('A38P4kUSxSaVTddzMjehHgSIW5SNsW', 2050, 65, 84, 195, 113, 2, 1),
('A5Hj6Q5cdSlSytZZRccEtW4ULcvIfT', 0, 63, 154, 189, 271, 2, 1),
('A8l09lVz57wIFUmCo9UprBav2vQkJC', 0, 126, 431, 378, 802, 2, 1),
('aCMGxi1vcMeqzZtN0gKa5ZWluKu255', 0, 101, 508, 303, 929, 2, 1),
('af70ROTK5aHJCvEnpPMeR9ykCHBZ3B', 0, 65, 319, 195, 636, 2, 1),
('aFuK26qRzvObqJopWSOzzNZfZBkzBU', 0, 0, 17, 0, 46, 2, 1),
('AGz13RU28jDWKtxcNW93IOHW2FCnxw', 850, 118, 158, 354, 320, 2, 1),
('AhPtdqOnKkbeG5w0jfVbBTWtCKNUag', 0, 7, 129, 21, 275, 2, 1),
('AIO599Y6AbxrLTNry6CtH87s3Wqc67', 25625, 443, 464, 1329, 304, 2, 1),
('aiwklMWtpSkIqwPVRaGStV3WFCQKCE', 0, 60, 145, 180, 293, 2, 1),
('aJfHg9Lpasbs5MPkI667AtiW2dg6yH', 0, 108, 194, 324, 333, 2, 1),
('AMJjMgbekk5arWWjedts64RvVX6rhU', 8975, 394, 495, 1182, 823, 2, 1),
('AnefQ2aOCz44uQRVguwMyVo45jbfaK', 2650, 218, 432, 654, 548, 2, 1),
('aPNoSGSL91udjZbD7MjBShF8zLSfAg', 3325, 142, 206, 426, 293, 2, 1),
('apxF1OukNVQ88eOof7scbeX6GzmdWa', 0, 37, 141, 111, 292, 2, 1),
('asdf', 0, 0, 0, 0, 0, NULL, NULL),
('ATXy5IxZsNETq7ECm71naV2xAj1w40', 800, 23, 25, 69, 37, 2, 1),
('AvVyVTBmJDLLRSBZF9Tg9ISsVlcWRu', 0, 0, 28, 0, 82, 2, 1),
('AxoCGaw60UD3Y7U9dzajtuTYYoV44m', 700, 26, 32, 78, 50, 2, 1),
('B0BpfmCEKKD0HFmXkYGXfwIVPmxNVZ', 0, 23, 272, 69, 680, 2, 1),
('B1GDmPR4Uze2AEdwGBs6Z090I34caf', 0, 7, 27, 21, 62, 2, 1),
('b3CgV46ZDmOSMCYOVJurj141hKqXeF', 0, 5, 101, 15, 214, 2, 1),
('B6IRFZFcvsb6fOEbbYtXf2Vtfyzg7R', 0, 237, 503, 711, 819, 2, 1),
('b7r8rFBLsgOMIJXGpLwJdQ7aSqkitF', 0, 36, 107, 108, 181, 2, 1),
('baJDScUw5j1sAROQajzLKOFujL8seJ', 0, 60, 211, 180, 322, 2, 1),
('batyuzo', 51, 1, 3, 1, 9, 5, 2),
('BAxoDWIoarSV2QA1APgluf6n0vhwEZ', 0, 3, 115, 9, 318, 2, 1),
('baYEQWnHeVfDthsqMBKNA2VBNMFYOy', 9050, 343, 422, 1029, 667, 2, 1),
('bcWjNN4rmulqjmM8GekBpRp32KzB5H', 0, 16, 152, 48, 342, 2, 1),
('BEGeUle0h6Xz15Z5GsqkAXDsJ5FCm8', 475, 143, 230, 429, 410, 2, 1),
('Bfbn3hGaaEamLILafEvN87eCPqSwWh', 4450, 81, 107, 243, 65, 2, 1),
('BiPvEUzdhwmYseNPBOWLRMY4l9NNlv', 0, 62, 292, 186, 561, 2, 1),
('BJaiKiQmtsnMp9VP4oHwGW5XYJtYcq', 0, 132, 371, 396, 749, 2, 1),
('bkdA4VUMcnlGakTPb613Mf1eYPOfyu', 0, 10, 376, 30, 1018, 2, 1),
('bKvMYutv7Z3BXxwC0tWrE52P5W4DEy', 0, 44, 400, 132, 1041, 2, 1),
('BlSKXxwu9wPzv90zBHD18m77V61ujh', 12875, 332, 467, 996, 481, 2, 1),
('bngIto82SE0wicwPrlMGphRfTwMlAY', 7000, 177, 180, 531, 251, 2, 1),
('bnRDZXfAfwQEt4A7haU7fuNHqntIj9', 13000, 267, 314, 801, 281, 2, 1),
('bPHWT4DvbsL0nRdpO3fkSRMF85EtSg', 450, 187, 267, 561, 543, 2, 1),
('bPZIJtCWtUF0oLIlCi3PUuMUIxvok5', 0, 10, 416, 30, 1191, 2, 1),
('bQFeB6KWyJpes5g043EIj3orO5Mt15', 28075, 381, 388, 1143, 20, 2, 1),
('BqUlr6BHV2l4REMGGuuGIxprzw7J3d', 0, 230, 472, 690, 704, 2, 1),
('BSaXO1IUia1cLmBQwajzcQRKewZx3b', 0, 319, 499, 957, 1058, 2, 1),
('bTwNugJ5hITyG8WORnPKpdsRjlxc9p', 3575, 258, 376, 774, 631, 2, 1),
('bxbD8xkcbnPtDSJJzwJoPYEKEUhBDY', 0, 52, 432, 156, 1147, 2, 1),
('Byr1PXfXcaTpi90fcKETA55LIXZmvB', 50, 36, 61, 108, 106, 2, 1),
('BzYj7S9Wenh0gsyD3hDGL48BTrLar1', 0, 68, 307, 204, 631, 2, 1),
('c0LBhLkvRjt89Qg10k2De0cohJudI7', 7350, 307, 478, 921, 627, 2, 1),
('c3cBsDV5MCOappxXQtStT8w4samuvN', 0, 28, 227, 84, 463, 2, 1),
('c5khwDfFjzcSiRsqjtOFQtUGgU3vRq', 5075, 172, 176, 516, 313, 2, 1),
('CBLYdqDiONafoIUzIQ17XsCwwhsx9R', 0, 39, 120, 117, 223, 2, 1),
('Cf4ED4FoJCD529AAcMnSQANiLMnUF3', 0, 9, 21, 27, 31, 2, 1),
('cfcTrjdM9IIIUrDdwEPt9ivLjNEd9i', 0, 229, 428, 687, 876, 2, 1),
('CIMwd4IiDebCPOf0n6BqMpn1U9hyyp', 13100, 329, 362, 987, 463, 2, 1),
('cJJVH9SUrNFklOMH1azUhnbs7WwBqi', 0, 38, 261, 114, 699, 2, 1),
('CKRgzYDJhK2oRpRn6HO9wFBN7UIngA', 0, 214, 448, 642, 886, 2, 1),
('cLzmyLkwuAdXwXDSgmY0pBOz262OxR', 2075, 42, 44, 126, 43, 2, 1),
('cOgJGSbSEGjLDUvWLmNn8WT8B7HQ5x', 14775, 240, 241, 720, 129, 2, 1),
('cpcyVCQAX9huESkiwChhZm6sJQYBdf', 0, 212, 422, 636, 769, 2, 1),
('CRXfHjpDOoBxcUtM8HqSeTwksMwDMB', 7875, 143, 190, 429, 114, 2, 1),
('CSGANwMnLWrURO6Ys0CEWxNEIaSvQL', 17775, 302, 332, 906, 195, 2, 1),
('CSxMH7kkBngonUcNJ7zGo3w2BYFbRh', 0, 66, 196, 198, 334, 2, 1),
('cUHANLqcZvoHWtaWfHCdU4SZQGKAVC', 18825, 278, 293, 834, 81, 2, 1),
('dakJ3DJYLuDkWVYr5BadSfxFbmNysy', 16800, 303, 312, 909, 237, 2, 1),
('dCRTZWzJWKznw4oGETFCJU07BiIgDg', 1225, 42, 56, 126, 77, 2, 1),
('DdD68LJ2Y0G0WC5J6kNbNNMQvOv8qk', 0, 72, 188, 216, 394, 2, 1),
('dEP753i6NMt04eZXw80CzI3CxawnmW', 22600, 401, 504, 1203, 299, 2, 1),
('DeWqzPBNskqUbly0jLdoMuMFRFUhEq', 0, 139, 496, 417, 827, 2, 1),
('DFK4IqL02WtA4DYtW0mA0g7uALYYDi', 0, 44, 295, 132, 750, 2, 1),
('dHoE6dV7VGwGUWXsUxomMnTsDtYEYA', 0, 43, 220, 129, 371, 2, 1),
('Dl5LOpy95ClfM5YwQyxONW0JWQJRRH', 0, 218, 426, 654, 765, 2, 1),
('DLHWG001a4O3Vj7uti58SLbH1Ialiv', 0, 34, 471, 102, 1352, 2, 1),
('DlkvrEfAhSSci9QSQUMGPO07FHto1T', 0, 17, 183, 51, 402, 2, 1),
('DOfDpygZDoHaxNM4BlaJFHRLlJsdtX', 250, 8, 8, 24, 14, 2, 1),
('DRIr0baZT8XDkT8tbePvCyqnFxC5FF', 2725, 245, 384, 735, 626, 2, 1),
('du97n3v5AfD58HE2o8AfGcyffIGEDW', 0, 2, 176, 6, 501, 2, 1),
('Dupr463YgwUE7wNSOpMmJrr8lxHuYz', 0, 122, 233, 366, 415, 2, 1),
('DvpLjkGmabU03mX7fmaxrs9YBe1wMb', 0, 26, 480, 78, 1360, 2, 1),
('DwFYc7AYfKusSqQorDvQ3X04Habqtq', 0, 8, 71, 24, 192, 2, 1),
('DXDevM3SDrsGCGNOSlorJxaWS2lcAc', 1925, 90, 143, 270, 193, 2, 1),
('DysFJQwXAmhcTiV2d7KaFds0DmXKjb', 5675, 158, 248, 474, 247, 2, 1),
('E1XXhVvZOjFhDQ8yXoongZP6X3IcJn', 0, 28, 117, 84, 245, 2, 1),
('eCWkHelq8ZjsnJ3lFUDIdgWpQitJET', 4675, 101, 105, 303, 116, 2, 1),
('eeElfhhu6KMrWSBfE3nR4IXcUJjfWJ', 0, 104, 387, 312, 770, 2, 1),
('EgZ4m4QB4habvQwvJ5iEzAp1JE1yDK', 0, 95, 496, 285, 1201, 2, 1),
('EHrV1uqPGhVUwvq84PSWdEmFirB84F', 0, 8, 185, 24, 526, 2, 1),
('EJNNzDUSpVWYIzD2C1U4pGgViLZt4O', 5925, 192, 262, 576, 339, 2, 1),
('eNNiwMGzRFBYtRkIxKGvqGdHBE078i', 0, 14, 33, 42, 59, 2, 1),
('EnX6PWrtEbm0N943qzIWNNRbpY8fyR', 900, 46, 52, 138, 102, 2, 1),
('EojI6dUba0zK2zVdm1x0VpBZVCAaSg', 0, 4, 88, 12, 192, 2, 1),
('ePcTc5FXko8eqcC1oSfTti5BraOsE5', 5400, 99, 99, 297, 81, 2, 1),
('EprPevfUX4b556iqp74c2xykrm7L0J', 0, 91, 282, 273, 609, 2, 1),
('ESwJsSGurAB2LZQeZnOTyUGD4wQjpx', 5025, 281, 350, 843, 642, 2, 1),
('EU6rbasMJjr44XvM9K05Aal4ES6Xxt', 0, 40, 269, 120, 590, 2, 1),
('EupUCSKAV0AaBpWrL5FwMnfRw25FeC', 0, 19, 196, 57, 454, 2, 1),
('EUvPXF8sK9rOtfOCKrWmniAsmAff02', 5100, 274, 387, 822, 618, 2, 1),
('eV48vLNpG9WBuPOVXmJMpvPLIavxdw', 11175, 334, 377, 1002, 555, 2, 1),
('eVYxtRauyswidwH2DzMiR2fFIOmiiD', 0, 159, 356, 477, 627, 2, 1),
('EWnAINLE6VLpdcLOCtpLrP1Hkal7y3', 19775, 320, 368, 960, 169, 2, 1),
('eZJ4hhCXxcmzu0Chss2lxJmURCpFsW', 31800, 479, 482, 1437, 165, 2, 1),
('F0OgQcAFPcdJYOrCiHEhJZs0a5eAIB', 2000, 208, 376, 624, 544, 2, 1),
('F6E6SKTykzuPjLHrDuY5RfYhkysugd', 0, 28, 60, 84, 106, 2, 1),
('f7hlwvZOgcXcYa4stnPHnIiYWEJ1JF', 0, 26, 78, 78, 184, 2, 1),
('fdjdVy57Kc7u7Ri7RJwdI3zn7FlWPy', 0, 80, 146, 240, 272, 2, 1),
('fMikzT4RNgwpOGu7FW7maOhfS2cIfO', 0, 85, 235, 255, 473, 2, 1),
('fnaDEpFUPbGU4m1lhQF98nZ51tSKmr', 0, 33, 116, 99, 256, 2, 1),
('FQBGUVwGnuAs93z0ecNGHZVPsCTEnU', 0, 130, 420, 390, 881, 2, 1),
('fx2G79Kykj08ghMWEFBL6kI9bEHfV8', 29200, 414, 426, 1242, 74, 2, 1),
('fYltLU4wsCsIA1srHIQ1RiJKRK2oPC', 0, 134, 504, 402, 1107, 2, 1),
('fYyl8gqqtUombXfbPR6IkDIHSInhj6', 350, 40, 63, 120, 106, 2, 1),
('G9CcEfiiq2axTTndQ7FrHQR9jnasMM', 0, 0, 3, 0, 8, 2, 1),
('GHT2MMgTXHPzPbVzHZE0x1XsRHUh3e', 0, 59, 362, 177, 867, 2, 1),
('gIaocSQvsDBJ7BAfMcnahuoHCSVdmm', 700, 34, 45, 102, 74, 2, 1),
('girmany', 89476, 465, 556, 3915, 117, 2, 1),
('gKBJ4jmKJRu5n5vUS1qG3FKJJyQjyz', 2200, 42, 46, 126, 38, 2, 1),
('gkKxvHqCg13niKrkn9wjwPaZtpJYrT', 1625, 193, 309, 579, 514, 2, 1),
('GMALJzeqG4S4E0Sc2JrZ8sPvJ35wLC', 0, 119, 251, 357, 471, 2, 1),
('GMHsBXqDGYLUda4n0gv1BFRsLoXs2w', 18900, 455, 469, 1365, 609, 2, 1),
('gNTrgbzgCkcm2GWaoZ0xuFTkUgSCT8', 3000, 130, 172, 390, 270, 2, 1),
('gpqWaCZSrm4HMq5QZu7bsdkOtH29MJ', 0, 73, 499, 219, 1251, 2, 1),
('gsIEAmeaSEpvakv2UCK7ifYEijBbNg', 0, 4, 426, 12, 937, 2, 1),
('gUas6baeTY6FxgzTtpbRGPzQujVA2L', 6675, 161, 187, 483, 216, 2, 1),
('gUFjOSgyvmHT08mrnAuNhMcqIB36Kl', 0, 141, 366, 423, 649, 2, 1),
('gw41fB4edv7UZfk5962tnvUNN1wbvs', 8500, 318, 404, 954, 614, 2, 1),
('GXp9Qgjmbqh9IVxk6Aatn450BbMxdZ', 0, 20, 107, 60, 228, 2, 1),
('GzLxadUZQKsbHLQ6eRvlBKB7y4b7Rj', 26625, 454, 479, 1362, 297, 2, 1),
('h1k3KuRA0ois0CEPUSILZfRKcLZ0Wi', 23325, 395, 467, 1185, 252, 2, 1),
('H3WUHyCh9jB2O8MkGQAnqNsbUzsIPs', 13450, 317, 359, 951, 413, 2, 1),
('hEkeJNMZTRfe8SPDO63fm6wWkNmq2U', 750, 244, 383, 732, 702, 2, 1),
('Hi6es8ioJnrVD5t2D4RizFxxEXraUB', 10925, 326, 489, 978, 541, 2, 1),
('hSTkZ43lCjx5EvwYdWqJmRVjfKWpeu', 0, 85, 400, 255, 898, 2, 1),
('hUOJsYFAJMdHXbGrZiKE79ds9WjiPr', 4175, 165, 223, 495, 328, 2, 1),
('HXn78rGRapWpxsGYFwb4ylWabA0SQk', 0, 41, 118, 123, 271, 2, 1),
('I272zqw2YVl1VuquCB0f5lKIxodbaQ', 2125, 151, 220, 453, 368, 2, 1),
('i2mXJ1VHEJPSiML3CHJfATa0xvdGyC', 25, 174, 337, 522, 521, 2, 1),
('I3ZaMA272LgTgUJPDwDoosDZjDXLge', 425, 13, 13, 39, 22, 2, 1),
('I8asKttnQ1lb8cH67OdcQiyDJ87e1n', 0, 13, 86, 39, 185, 2, 1),
('iAy3L0El84VAQbbRtO5EBbuS0wY0GK', 17825, 344, 412, 1032, 319, 2, 1),
('IbpMo1lCA8D1bRXNRgTVN6WgPAZ0dQ', 19750, 397, 459, 1191, 401, 2, 1),
('IeiOiwEmdo3AuFKKMke1dV8HHUWVSW', 2525, 93, 100, 279, 178, 2, 1),
('ieMO6cIFIJeHhIF93iDJ9Pi67Jp3i6', 9975, 241, 314, 723, 324, 2, 1),
('iILsSI7GS8PM6kqOoaogYo1FrTbo7O', 1575, 153, 255, 459, 396, 2, 1),
('IJXgK0eIwBm2iYyRKB1QOzNIoRk8Nm', 14575, 373, 413, 1119, 536, 2, 1),
('iJxUgtpcVmG5HtrmIpkOcSa09zavBx', 650, 233, 371, 699, 673, 2, 1),
('ik2BkCzOB9pJgIuXe767zZnPYCqk3s', 2025, 92, 111, 276, 195, 2, 1),
('IKuX2Uz3N0BQyI1asQUqeruhFDciz5', 4025, 264, 399, 792, 631, 2, 1),
('impIbuZJFvg79KdEnPqkAT3cnYgeTt', 0, 20, 197, 60, 532, 2, 1),
('ioVJ2aJ1iuZR2pX500QCOLtrFtyx3R', 11450, 217, 233, 651, 193, 2, 1),
('IPFZQUMa2shIpSmz7Yej9Me6km5ZA2', 5800, 344, 418, 1032, 800, 2, 1),
('ITgXzC6q5ZfBgqzAl2hgGYClmuqolZ', 0, 332, 508, 996, 1069, 2, 1),
('iwMTTmwzdmGBz9AaTfeB0h1mkGXNSF', 0, 34, 214, 102, 484, 2, 1),
('J2dSgOsmxhqekerDOGKkoOk7YLgu1W', 0, 9, 192, 27, 402, 2, 1),
('J3Wt7Evjg1VZ7IvUOwBkKtlliQZfpj', 325, 33, 64, 99, 86, 2, 1),
('j6IkJGyjM1uEAZ2YspFRQK7CSo2BEL', 0, 153, 296, 459, 490, 2, 1),
('jC6oFPrnH8C3OrnWaLppZfdwg6Appy', 0, 157, 391, 471, 539, 2, 1),
('jCfa2pRODMrguKmB9IgJ0yYfleoks0', 0, 54, 140, 162, 275, 2, 1),
('jiA9UXjemvIx2dvdwbRt3OB89clM4m', 0, 3, 44, 9, 122, 2, 1),
('jj2TGsy2sLtVAxSe6QWOLaN71Nvyjf', 0, 105, 510, 315, 977, 2, 1),
('jjmYUMWdGDQhLN0ucP2BekPVTuYLPf', 0, 45, 96, 135, 150, 2, 1),
('Jok8DF4dvFAYNE0V4o1fwAQYHzY3ps', 0, 15, 93, 45, 185, 2, 1),
('JrxOAwoC90bumnv8UsNcDJP4tyzM8P', 0, 118, 281, 354, 446, 2, 1),
('JsgSmn33Qu4WT2GLv8YO8H3Q6hRanR', 0, 101, 476, 303, 1081, 2, 1),
('jSMTOFstUaSBbrutIoUwfAbqn105pG', 0, 32, 86, 96, 198, 2, 1),
('JwxyUHgTOiXNlgLQX6c2bqvFcJ9ASS', 0, 59, 200, 177, 353, 2, 1),
('jxJO3RJxbc2XOtq2LpkTJJ0N9nPWG1', 975, 54, 84, 162, 123, 2, 1),
('JXljJEuWi2ziWGP5AZL4GEngGG6szv', 4375, 363, 454, 1089, 914, 2, 1),
('JyqTzMLGhc7jXLErhYCaZJhHsMVu7C', 0, 120, 424, 360, 771, 2, 1),
('k4aUKJFj8s7R7L2JI3ptau7Xg9qbai', 0, 63, 319, 189, 786, 2, 1),
('K4RjD7BDUjlrFyr7RP6gR4QCKrH9ro', 0, 32, 335, 96, 729, 2, 1),
('K5HSRAmazXM8ngDXHxwQmUN5eOaCgs', 0, 212, 489, 636, 1209, 2, 1),
('kA3xjfxSoQZMfLvuOaxWwLDVVz67m0', 0, 92, 371, 276, 588, 2, 1),
('keePNUbi7DUV61aaQCjeX5qFpRjk4y', 0, 36, 431, 108, 1173, 2, 1),
('khpr6ilt6e6WkHGwsAlQVgeL09WRbH', 0, 141, 369, 423, 739, 2, 1),
('kiGf4FXmIXUZTo2St4QTbIfHX33vjl', 0, 44, 356, 132, 722, 2, 1),
('KIyNguFo928XLnl1OkqpsVKedFao40', 7825, 369, 398, 1107, 794, 2, 1),
('kj1RkXzoTzPAefpLoV84UkkFEWa6Ha', 0, 12, 29, 36, 57, 2, 1),
('kKLbQCIjqCsMRsEw7ZdHmcdSEdO6fh', 0, 0, 199, 0, 467, 2, 1),
('klbDy5oIEuYkeYUrgsbdUkN0fN2IZH', 9350, 146, 152, 438, 64, 2, 1),
('kNWM1k12T0oPZPJUGo3TuX1pVV2P3a', 9025, 290, 437, 870, 509, 2, 1),
('KO5euk5425cDPsFWW8aSxaxJh87HMn', 0, 37, 152, 111, 285, 2, 1),
('KP12bCwIcQKiNZzwLQc8W67I74ErAA', 0, 59, 237, 177, 529, 2, 1),
('KUTRvJZyQPlvpG0tewhWhOTLqaIKGB', 0, 212, 425, 636, 795, 2, 1),
('KVyOTXaoz6xSkDpsZXu5C4n5hmDaOT', 0, 28, 87, 84, 142, 2, 1),
('kW5dAlOFNMEt1FIQvDUiZVR2tqqrkU', 5800, 198, 280, 594, 362, 2, 1),
('KxgG6WWh8wmg6s5qRDdt5VlSk2frYa', 16475, 237, 253, 711, 52, 2, 1),
('L65gECNiIenEwNXT7EKkU7AmtOWklv', 7000, 149, 228, 447, 167, 2, 1),
('lCwcKCaryxTHQOwxJ3ku510UfoR9Ca', 100, 3, 5, 9, 5, 2, 1),
('liv6qjrTsqZdNuSPrfhWh8n2obgL3t', 0, 70, 381, 210, 887, 2, 1),
('lkBKxQlofe0xpaLwDblhXPQ4TozE4V', 0, 49, 299, 147, 665, 2, 1),
('LkOZdXEQYZJ5b6yfMW34bOGmDcGqWA', 0, 85, 487, 255, 1023, 2, 1),
('lLcUHM1x1e2jGQIKAxrgxd8P6b0Gcu', 0, 37, 230, 111, 604, 2, 1),
('LpNrkrzhuNMyuiMXv1QYETH5q1qJOH', 0, 105, 238, 315, 398, 2, 1),
('lQmlYyEtpKpB92vkfwYc3uP4T5aEt4', 100, 70, 112, 210, 206, 2, 1),
('LSGvsYgXzn3p6OZQCfvqtlzr3pa1aq', 0, 224, 510, 672, 966, 2, 1),
('LtEMN0gaWozdywNcHGDs0B9d4U1ng4', 3625, 94, 98, 282, 137, 2, 1),
('LyIW7iAERAn1fadEev8fHUlVsIPdyy', 0, 47, 370, 141, 745, 2, 1),
('mA7OMFkJ5dq9saz9SRsSIyYmoqmb0E', 0, 53, 135, 159, 280, 2, 1),
('MbreVaasGiMMr0YWjPT3K1rlErDeKM', 0, 16, 66, 48, 166, 2, 1),
('meefFiCoAjmlTiKNQRds1lxOxcIl8A', 0, 50, 464, 150, 1211, 2, 1),
('MF9wl2qNSCaxB89jHiLNgngjW6apT0', 0, 2, 279, 6, 719, 2, 1),
('mgfSSrAK2Mux6VLdaOvtTD1hrlynVD', 0, 29, 382, 87, 974, 2, 1),
('Migtl8hSpTUmE5WZbhVMf38h4cXMv2', 0, 158, 488, 474, 774, 2, 1),
('Mij7cIrfObOk2rrW148sMouCgzEId4', 0, 22, 77, 66, 170, 2, 1),
('mJSzH7BBZJbHdr3xbrYdMqvFi1eFS1', 0, 91, 463, 273, 771, 2, 1),
('MLfJ91Y1gq1nOXZaf8vpPMpFV38oE3', 0, 2, 215, 6, 462, 2, 1),
('MlPQS96dHfUZZcsG3SRywomxrweHt1', 875, 87, 115, 261, 226, 2, 1),
('MvmGoXuq04dR2MPGnwPN5WRU0X3TtN', 0, 64, 207, 192, 433, 2, 1),
('mxTEraWEpZeNchGWsgbz5e7U9Uns9J', 0, 24, 66, 72, 118, 2, 1),
('mYKmH0GmuCQHXcovGLV9nc4xQxYTm5', 0, 73, 398, 219, 747, 2, 1),
('Myt6HJcN8dYQt9ySbkQ0RR1aq9rELr', 6075, 250, 385, 750, 507, 2, 1),
('mzxulvJCdkv5eBSsIQsEVV4QhiC42n', 0, 10, 27, 30, 44, 2, 1),
('n151N7kBE4vZTEbF4q6s7hmwN34hMf', 0, 19, 218, 57, 602, 2, 1),
('N63tKgWc57HKxD61efTvWxHHg1FN8n', 900, 19, 25, 57, 21, 2, 1),
('NcgHMC9a3UCCCGO8Uy8iBC0Bb5tJM2', 0, 1, 19, 3, 38, 2, 1),
('NEXQak9UUzoySTzP6zKUOobOlfUqht', 0, 7, 60, 21, 156, 2, 1),
('nGnUNzHsQJ6UaW00WYCtVOWiFk0Y7W', 2975, 197, 339, 591, 472, 2, 1),
('NHUTY1Hr70kPg7HhV1zrbRnnq5TH7x', 0, 59, 193, 177, 410, 2, 1),
('nX3QaM3yh8QbrVVEu5yZBXE6MizQqo', 8175, 125, 128, 375, 48, 2, 1),
('o21n7jjNRNT65YMqNpFjNQfv5Yxcqn', 1350, 56, 80, 168, 114, 2, 1),
('OBKB691GzVzbUVzmcLfKYtRV6TA9Hn', 0, 45, 464, 135, 882, 2, 1),
('OcXwGB9cbEKzqmtFWcGsqnMworPKVC', 175, 62, 82, 186, 179, 2, 1),
('OcXydtYRxJjyUELXszXX6jiWY4rD14', 0, 9, 18, 27, 33, 2, 1),
('OfUQfB5ImDu6Qs2mOGxEJOs8CmxxRc', 0, 64, 228, 192, 473, 2, 1),
('oGik5ED6qbobgKoNnXFSwdGRfHWODJ', 0, 88, 455, 264, 899, 2, 1),
('OIFsKmKZ9e3njwptXmLZI4ETIFdmlB', 0, 15, 351, 45, 690, 2, 1),
('oOyI7gMsvcFYFyo5RIixJ8Q0REW6Xc', 0, 181, 443, 543, 671, 2, 1),
('op0pnG98j8Ew08uGDFG0qhWdJSvP6P', 1700, 34, 44, 102, 34, 2, 1),
('OPbKE9LshB9Xz5Ta8bT7K9dfRcRUPz', 400, 45, 58, 135, 119, 2, 1),
('OPCe78NkcOqSPD7CEpnV6Sv0Rt4wSL', 0, 115, 353, 345, 605, 2, 1),
('OPntPviCKDVjzwoyC4RUUCdsMXGXe1', 0, 19, 127, 57, 249, 2, 1),
('OqxwReSICfFyDTsadhg7ztXxB1ajsw', 0, 179, 347, 537, 789, 2, 1),
('oqzqvPGNr96FneapqAtH9q6cbDRd1a', 0, 20, 487, 60, 1211, 2, 1),
('Ot6RPkJIxJOKeSmT35vTi1V1tCM2l6', 0, 28, 347, 84, 733, 2, 1),
('ouQUydWf3EtjbNw2pMbuuO426TG33N', 4400, 344, 430, 1032, 856, 2, 1),
('OuXJfgcaJxTQiJXHIF4GkMcmzmI8yb', 0, 2, 28, 6, 74, 2, 1),
('OVv9qC3902t6L492uztjufwTuEDFQU', 0, 101, 305, 303, 456, 2, 1),
('oWeYfbHiZk5a3E3kEDx5z3thedTqWu', 0, 110, 275, 330, 660, 2, 1),
('oXWOPlhw8HSJO6ONBCuEWRWVO814zQ', 0, 3, 341, 9, 723, 2, 1),
('OYK9b6Au74HYXWbNjLp8EDNO9Ex9jT', 575, 40, 55, 120, 97, 2, 1),
('P988PGDCS2vsf8ip4CYtdcePBcA3b5', 0, 9, 231, 27, 607, 2, 1),
('P99RGbd1VqHSKHIvfBJsoNyN3x9Qj9', 0, 2, 363, 6, 1043, 2, 1),
('pbGrCKSYFXb7vytEGMS8PcrroxDlQB', 12350, 190, 212, 570, 76, 2, 1),
('pbNTt10kAuYitFNM6nJ08N0J5x8UZ7', 0, 64, 275, 192, 572, 2, 1),
('PjsxcY8OPriTOMOby6txdFqk7MZUE5', 0, 28, 145, 84, 335, 2, 1),
('pL2mtpkRAwN08Z409DTFWaOzpM98hM', 0, 101, 340, 303, 645, 2, 1),
('Pp6J91FpMHfIy4ngXWbQlg3pZ0AImg', 0, 7, 14, 21, 21, 2, 1),
('pqI0CkWwOtkexEu7GPvlaXC3wfWKLC', 0, 11, 45, 33, 109, 2, 1),
('pQINyVryhX4PklZiIuLfm1alH0Y8f3', 0, 75, 293, 225, 679, 2, 1),
('pSldCbmlQg6G5NPxduxooHHd6RDxuQ', 0, 248, 451, 744, 822, 2, 1),
('Pt27P0Xi0O0CfHbp406P2eiDO5zuKz', 0, 95, 179, 285, 360, 2, 1),
('PuaTVTJnWH8KTnQYOK5XuzV3oeORT4', 7425, 232, 338, 696, 399, 2, 1),
('PwEvT90RkgHpG4X0tdDjTquCpyV3bs', 0, 159, 440, 477, 1041, 2, 1),
('PwFfcK2c6h4RSWhaNJeOItF8bONHPY', 21925, 400, 459, 1200, 323, 2, 1),
('PwNntiGSFPmYNC8YAv4WIiOMMfYrAB', 0, 103, 358, 309, 690, 2, 1),
('pxefc7351SCy9ykDXL0yKII5ZMLX31', 0, 39, 267, 117, 688, 2, 1),
('pYxwBff9aLBK0l4AfNjaPan8bfkSRR', 8400, 290, 363, 870, 534, 2, 1),
('pZ878rA9IIlzu3LgZr9dRHZaZ9oiQr', 0, 0, 0, 0, 0, 2, 1),
('PzDNxL4jGZXRIswbxzrB6iiwu6dvCy', 0, 49, 353, 147, 733, 2, 1),
('q0UubpkWRsEQ7M7iT0wMSN7AowkySE', 4000, 154, 196, 462, 302, 2, 1),
('Q6trXOuL1643cHWvU4pWUjoH9911sQ', 0, 3, 201, 9, 427, 2, 1),
('QcUW9FGL2imAi1kv2XL2mXwP9Xk4st', 0, 17, 94, 51, 200, 2, 1),
('QJBVBhkw1QHFtfu3rDQc3hqezFSfuN', 0, 11, 30, 33, 45, 2, 1),
('qk9UOmRvcPGttN0lNBwi5a1JjLCgzo', 0, 36, 101, 108, 185, 2, 1),
('qm7JEHjrdkXZxLXl8An0dsMsJyjTgn', 6850, 243, 375, 729, 455, 2, 1),
('qMdKO5Z992WapMEA0GJuwR4jP3RmE9', 0, 105, 250, 315, 596, 2, 1),
('QQWNvfjn8O5brNiy2xMlBVJ9DR9nMS', 5825, 207, 365, 621, 388, 2, 1),
('QsS9NGK8CyaWmNopyXbQonfBWipmQO', 3975, 179, 294, 537, 378, 2, 1),
('qU0wfw4qYDbNJtD4qn9ujQub8T6s54', 1650, 50, 74, 150, 84, 2, 1),
('Qw9ewHJV0WiDaAZj1I7X0BYNyKwr7i', 0, 6, 25, 18, 65, 2, 1),
('r6OIRIEv6gDgxABtr42eYGBJ5kpf0G', 0, 72, 422, 216, 815, 2, 1),
('RanDf5HMOSy4zIspphRSLnXKVEW5qd', 0, 0, 25, 0, 50, 2, 1),
('rcdaQ4bqgbpB5TWPnrAWzgiOUm2Icb', 0, 109, 207, 327, 417, 2, 1),
('rCrXEYRN1rjAOwzOea4bpGIhAQlUHp', 4675, 115, 174, 345, 158, 2, 1),
('rDUTai33CtlkHEesSs7c77pB3VgDe8', 3500, 115, 139, 345, 205, 2, 1),
('rDz8H6cKYga5aQ0GL2TEaliRuFWbrC', 0, 248, 468, 744, 869, 2, 1),
('RgmlPzgQz7dbnLlszMMh26ohpgelMD', 4575, 124, 182, 372, 189, 2, 1),
('RiyeCTC33YHwv7PRc2tbYsq2b1Gn7r', 0, 48, 126, 144, 239, 2, 1),
('rLO15tFjRpQhsEBX66h5u9shjelPPx', 850, 21, 31, 63, 29, 2, 1),
('rLPhD3vqoiT7LgmecO5CdrZIZDZ85x', 6550, 432, 508, 1296, 1034, 2, 1),
('rMTWJ9U6EufsfFW5grcn0Vcwu0Vm1i', 0, 5, 67, 15, 145, 2, 1),
('rPU7e3ORvqCSUGSDRGe19ht6gnNPPL', 0, 13, 39, 39, 82, 2, 1),
('rrfCnjT9cIs7onIvTT8s4pubJTfOyy', 10525, 357, 486, 1071, 650, 2, 1),
('rsKK15R55rHMcBJtBvs2qBWKwPIrMf', 0, 184, 435, 552, 973, 2, 1),
('rT1DJvbMQxxU7Y0wwIQNjDz7yj2P57', 4700, 326, 461, 978, 790, 2, 1),
('RwRpUvznw5VoG6MHTUskTPN6OZUnvR', 0, 40, 132, 120, 302, 2, 1),
('RXQAI9bP7cKMU6ESkz3g64byJOFi6Q', 0, 79, 401, 237, 763, 2, 1),
('ryV9om2tPASVm6AYMuKHQ0EtkME60E', 0, 281, 445, 843, 954, 2, 1),
('RzWLkSr8Ut16oXgHK1lSCpe7ldLEw1', 550, 70, 99, 210, 188, 2, 1),
('S5kRzqHbvJjl5op2QKNyG5MasXTSSV', 0, 36, 297, 108, 706, 2, 1),
('s6zfWvTMHEUj8gF3tPmwpLEUTX463I', 0, 76, 177, 228, 364, 2, 1),
('SBasJQfZbouNEbNrvyvBLHwHaVIiNf', 0, 19, 334, 57, 909, 2, 1),
('SecGsKw7B8pknsURI0TDV3QZ1hhXeo', 0, 152, 408, 456, 579, 2, 1),
('Sey1rhqRRU3eE4lqlKBfbVFUTM67Ts', 0, 88, 268, 264, 557, 2, 1),
('SHEOniN2f93mzw76XbKs9K7vxQmob8', 17000, 303, 326, 909, 229, 2, 1),
('sICDexDlYyI32rNcZxFb1XtUEeAXFV', 0, 2, 34, 6, 68, 2, 1),
('SKK5luvblrTfBYUcwX3J8SQy1bPiLx', 0, 8, 36, 24, 68, 2, 1),
('SmKwAwqt45CDDG1hejF1lgG53db3GU', 0, 109, 272, 327, 557, 2, 1),
('SNkYcyEkSOGUngdFosaoqdi6JGzrbv', 0, 39, 267, 117, 675, 2, 1),
('SomapDa7DgHKYyUgzmY7QtNZQnft3H', 22375, 391, 426, 1173, 278, 2, 1),
('SpnOnqy1PClI8FKNlCZlDoSpaUjhqN', 0, 129, 241, 387, 469, 2, 1),
('sWo9l2k79ESfkQtJJLG4SPV6aVEVng', 0, 26, 59, 78, 136, 2, 1),
('SXBBm92YKO3kTSYOBjYM7phjipyZa1', 425, 278, 446, 834, 817, 2, 1),
('sYRRnKJgm3YtHc1vUOQLEb4OkJgTKA', 2500, 253, 386, 759, 659, 2, 1),
('TBHD9xUqfKW7XwgsqgyVx0f5gxiNEY', 0, 168, 368, 504, 717, 2, 1),
('TBWrJOqRMYLRjcht0zBCbxiYCIo710', 0, 121, 299, 363, 648, 2, 1),
('testuser', 0, 0, 0, 0, 0, 1, 1),
('Th7oxGqhcYnV5N42Od3YAOWv9pXySL', 0, 68, 231, 204, 400, 2, 1),
('THUA1JVmfiLIwIowEOfy7ADLUrbUM5', 5525, 164, 197, 492, 271, 2, 1),
('tLprCYAbBWSdbbRYo4gvwp1e4ZhBGp', 0, 141, 417, 423, 802, 2, 1),
('TMb20N8tmvBB2lq3iigORXbhimqq6j', 0, 29, 147, 87, 357, 2, 1),
('TnjVBTNsZcrKYBm74ne6rytTOSVMEq', 0, 186, 320, 558, 645, 2, 1),
('tPPbACMcpvbKJEEIQKKZtIyxw5w0o7', 4050, 170, 194, 510, 348, 2, 1),
('TUsDRaerRHxSy4C9BeWYTWI51TxfjV', 0, 133, 403, 399, 611, 2, 1),
('tVxvMs8K7ZJBxHWWobLhANCVq8sHb0', 0, 32, 314, 96, 821, 2, 1),
('U1QbmqsCOqdegttUBksgLLSffCHYk3', 0, 1, 5, 3, 10, 2, 1),
('u7ZER4vcVKO2aVHGLchpOf2tX2wg3q', 0, 14, 85, 42, 190, 2, 1),
('UaCFYloKXeFDkKNcmOpXyeRWlyHMeg', 0, 40, 131, 120, 212, 2, 1),
('uau4t6RV34UOTEXjrf3QlAyv7yCa3v', 0, 65, 442, 195, 864, 2, 1),
('UAZEmFZ6PAAiZYBlugBzdFfG2Ystt8', 1200, 98, 123, 294, 246, 2, 1),
('uBVeSEJbNjq5IGBpc8Fm2Ee14kbmD4', 0, 168, 298, 504, 556, 2, 1),
('ueQGD9HXe5VDooVt4uhE7FLJsOlDwq', 0, 133, 467, 399, 835, 2, 1),
('Uf3j9hatNpX60EVDlLxKk70L8Dz41r', 0, 0, 63, 0, 157, 2, 1),
('uFDysUoAA2qVMCe9EsyMxPAgHipkme', 0, 92, 189, 276, 393, 2, 1),
('UGgq4llErnpwsu9h3ci7FcmoTExEgI', 0, 92, 158, 276, 340, 2, 1),
('uh99XiHL4S6d236yDr3OhB1ZTxmwbd', 0, 133, 236, 399, 541, 2, 1),
('UiYGi0lHhtFQSCsHnzGrJmNqqSFrFL', 0, 20, 258, 60, 534, 2, 1),
('uMLrgB4rHvp0tTufcuY9wuabumP5Jm', 0, 38, 272, 114, 551, 2, 1),
('UOaMQjWAiFKLlVYbyC8NXVHAfWkIYc', 1775, 58, 95, 174, 103, 2, 1),
('uooa6HGBuw0BNsticSpWMQu9492LvK', 2150, 64, 93, 192, 106, 2, 1),
('UoSVSjafNL4C4kdvLnQ3tWEvDpAoET', 27450, 467, 481, 1401, 303, 2, 1),
('Uq6J48DDIyHBTx80QfXyvhyK0YTXCt', 7225, 314, 362, 942, 653, 2, 1),
('usmFUCKLMz4QKdyPO4TvPbtD1ikjBW', 0, 276, 492, 828, 934, 2, 1),
('ut7Km1TOH93LormdRnGeDIzeuxDIDr', 1750, 155, 281, 465, 395, 2, 1),
('UtQ4RySpMl91UXurkBsxPmbvgCKTTd', 10100, 341, 363, 1023, 619, 2, 1),
('UYwctrvCQFcKu3qOpBfLGbuhsItoOs', 14225, 365, 446, 1095, 526, 2, 1),
('uzJ5iO4XHE59GEuvtunwDbEMkrkDIe', 150, 55, 117, 165, 159, 2, 1),
('V0vMUhquOyyvO6MBCSl1CXtisUFuIP', 20500, 391, 503, 1173, 353, 2, 1),
('v4aI50bMoXPtb3DUnfCqCZqW6yTxgx', 7875, 245, 261, 735, 420, 2, 1),
('V57Xani8QNmykfS9cAp2VActmNfe65', 0, 189, 417, 567, 702, 2, 1),
('V6K15HobVTtS1IL76Q2XoIaxcJEr5T', 1025, 55, 102, 165, 124, 2, 1),
('vA8EBdbwoegGQv9cBtAx7Bf2jT459T', 0, 142, 283, 426, 601, 2, 1),
('VCLsj1nu2c3Ezvf9ibk44AZir8MoY0', 20875, 420, 468, 1260, 425, 2, 1),
('Vdn1hFRzQeUgDbODvysHOZPbi8yTt5', 0, 84, 305, 252, 622, 2, 1),
('VfM96dKtBMdbotwJpWnb3kABVnT1mA', 575, 111, 152, 333, 310, 2, 1),
('VHtMB2S2jn3XZSnpJoqMJSXXXkMgfp', 8050, 370, 479, 1110, 788, 2, 1),
('vkrNfVmQWzdKyOURK1wF0anPY1Nii4', 0, 62, 137, 186, 198, 2, 1),
('VL5UkpfZV4hEqUtfIUSGfiJHZdcOmD', 25, 264, 444, 792, 791, 2, 1),
('vov4IPzYVzblJETyUvMIAlQiHIF5S3', 0, 9, 139, 27, 335, 2, 1),
('vrzkOgZWchnje97kFxGFucBAY6BWSU', 0, 136, 459, 408, 1052, 2, 1),
('vTPhS2AgmHQDbn3Jvhlr3KlwRJ0S8j', 0, 64, 214, 192, 564, 2, 1),
('vWKeSOnT6Wb63JKBB6W0lh8x8GBemB', 7775, 328, 409, 984, 673, 2, 1),
('vX0BqGPBpbaIKA2ReW9MKTEZkdX094', 825, 12, 12, 36, 3, 2, 1),
('vxQfXs9yCkzmPohnol5UbCwyH7N2w0', 0, 9, 19, 27, 33, 2, 1),
('W1sMM9rg9DfRfTJmP7EKLXhMS1U3xH', 425, 49, 67, 147, 130, 2, 1),
('w2KoQAKBUUX8Q2h033XGoTLARO1Qot', 0, 14, 68, 42, 140, 2, 1),
('w4xOvvqVSlgIxZWg1Abj87PJ9byaWs', 0, 0, 16, 0, 36, 2, 1),
('W5PtLacVXJJQfGjpPS7PqFi0JrSeIs', 3400, 208, 389, 624, 488, 2, 1),
('wEDm2O1UBMG0IOuHmUuHsZ6wLFBwJo', 9500, 261, 336, 783, 403, 2, 1),
('WgLeQcoOGnfId4MPhz0tZEsGdjf7Xb', 875, 220, 475, 660, 625, 2, 1),
('wjveM5Ext4ExBzZOGr8EVf8ZM5vdvi', 16750, 407, 412, 1221, 551, 2, 1),
('WuOPJUpix0SxeLHKyzkm1vCEpLgd4J', 10450, 164, 184, 492, 74, 2, 1),
('wVdEDxNLX0xYGY38W2n07jsCQZzidW', 0, 22, 101, 66, 212, 2, 1),
('wVNFk42z1PT6JuoDTr6nkfVpNfKUB3', 2050, 190, 269, 570, 488, 2, 1),
('WXMSEy1Nj0XMupAyq7FpGWumrhgncc', 50, 74, 115, 222, 220, 2, 1),
('x0re73QpjDcNrTFtkOwd2cN6ZJoNSe', 0, 69, 268, 207, 662, 2, 1),
('X2ZbrTbGkJ2Vv0ST2saOqSlkic08fP', 0, 62, 296, 186, 549, 2, 1),
('x3u8wf9B3Fmi5FIT4xzxXXzeIuTqgk', 0, 55, 239, 165, 411, 2, 1),
('XapbW5ePqw9BNozlRa1NCLkTCgsRU4', 0, 148, 390, 444, 839, 2, 1),
('xerVMR7uOvqVXFTa2P3NX1UEKYNz92', 675, 16, 22, 48, 21, 2, 1),
('xGTzJzbWeqEJxK5tUxAfB1C0o8SmHG', 2725, 171, 284, 513, 404, 2, 1),
('xheY9B3mzBqNapyIIqgDLsSbpxEJWE', 0, 1, 7, 3, 13, 2, 1),
('xiY3ieUCMZteT5IEgy3e3oUimyWc5h', 0, 2, 160, 6, 407, 2, 1),
('xQXsXW6VgE5NeIKz22k5GPAkSLCIuO', 0, 22, 36, 66, 76, 2, 1),
('xX2Vp8IGSRjc1XAof0Y4lzxgyFlAbp', 300, 158, 256, 474, 462, 2, 1),
('xXiSodwXnuZmFwutqMujWJeOMiIQe2', 0, 10, 43, 30, 88, 2, 1),
('xYGS8ZqpNJPSZEEfwELfTjNORMc1Gk', 0, 3, 13, 9, 29, 2, 1),
('YA0dbfJg601zG8FSw2I2fPSmfI4Gw0', 7600, 234, 281, 702, 398, 2, 1),
('yb8rggPEpcSjlG1WLGelaswEe7WgFw', 11150, 268, 302, 804, 358, 2, 1),
('Yh3ZnUZV0zoukAVtzmbVfJ18looSFd', 5925, 169, 196, 507, 270, 2, 1),
('YLM6hfHeAtMjVfndRMKabSNZMeqvmZ', 0, 135, 498, 405, 998, 2, 1),
('ylykobjaiebBtvldv1Hm5hy6UTCndc', 0, 14, 274, 42, 668, 2, 1),
('ymE1xWPY9T09KxBm1qqOtQ5ybbXw6r', 2225, 40, 48, 120, 31, 2, 1),
('YnBK60zPU9n1YatwwxU3F82uK0oeWj', 0, 39, 188, 117, 428, 2, 1),
('ynKlyWu7L7WqOPlhj57N6ZoJZQ4Muy', 2100, 114, 153, 342, 258, 2, 1),
('YqtRKe7fIfBzpzG4e5u677j8xYaelC', 0, 171, 449, 513, 867, 2, 1),
('Yr745hzYT6s2wFO4YOsqFG5TnMIxhc', 0, 32, 127, 96, 288, 2, 1),
('YU2ij8aTs7QMinthIrAaK3qP5QDumZ', 0, 70, 345, 210, 805, 2, 1),
('YugAzRGrnqxqKa9b1m8JRew8yerpDl', 875, 30, 39, 90, 55, 2, 1),
('YWJF5GArG2Jwn2lJAqPtUyIQ1RnRwV', 0, 51, 163, 153, 411, 2, 1),
('Z4v5RFzvfVy4OnqAKP9r5dUTL3wN3A', 9875, 228, 324, 684, 289, 2, 1),
('z52KTt0pRm79FSzUSeDlEoVfqMhIav', 0, 15, 46, 45, 116, 2, 1),
('Z6vDegtHWpLn1lp0DmIaNj2XsnLLYP', 0, 112, 287, 336, 548, 2, 1),
('Z9a8BmrbCtc7uLdwYl901TvXD7TaK9', 0, 8, 181, 24, 413, 2, 1),
('zb54W6C41RAbJEX6xCdPedixXUG4ny', 18475, 372, 402, 1116, 377, 2, 1),
('zc3WYbbgPeX98Q8hhKpr6W1gAkFWgZ', 0, 15, 78, 45, 170, 2, 1),
('zDJaDo5kxsr5HKqB2fytW0zigOXLa7', 0, 14, 212, 42, 431, 2, 1),
('ZdrS8DlQzNahXVQIybfVPpoHUCOwtI', 9725, 198, 246, 594, 205, 2, 1),
('zFVCHfhruunBNoGe1KBr5iF0KWQPV2', 0, 67, 264, 201, 641, 2, 1),
('ZK0Xegx5v4vbQb8OA6wTLcU28d6sx8', 0, 32, 480, 96, 1393, 2, 1),
('zm0RJLmO65G6FPVMt5fTuKyjQ7uD2B', 0, 176, 370, 528, 737, 2, 1),
('ZOvrnVIBmUrcoYnSZOESs6SawKLjPn', 0, 64, 494, 192, 1198, 2, 1),
('ZqWX3T2UP7sKlQ7gLUlp3XByrb6DZw', 6175, 236, 261, 708, 461, 2, 1),
('ZRuWP39lAzdQbPPFyCmZW3wISWmbmE', 0, 103, 295, 309, 590, 2, 1),
('zs2idN0ZEYmK6tEsD23r8dO2tLIQgG', 2700, 170, 268, 510, 402, 2, 1),
('zTnb9Tas4XCEUmOmHTClcwiNBX9v7m', 8275, 165, 176, 495, 164, 2, 1),
('ZyggHtTWVmBcX5n6Tqpu6oX96dd4It', 3075, 266, 316, 798, 675, 2, 1);

-- --------------------------------------------------------

--
-- Table structure for table `player_login`
--

CREATE TABLE `player_login` (
  `username` varchar(255) NOT NULL,
  `password` varchar(128) NOT NULL,
  `is_admin` tinyint(1) DEFAULT 0
) ENGINE=InnoDB DEFAULT CHARSET=utf8mb4 COLLATE=utf8mb4_hungarian_ci;

--
-- Dumping data for table `player_login`
--

INSERT INTO `player_login` (`username`, `password`, `is_admin`) VALUES
('03ZRMl8QysToVgTt8XSnN1hs2hYtgd', '34052158f7143d51af9b1d4616cedfff5134f0bebc32ef78ebd5f45f280c8e09c8749c43d2343dfe5f49d1f2528d1660064992fc14bb83202a91b292a468af96', 0),
('09ISFkJD70F9C207pl6qnXxRjuxUEY', 'd0421ea86f792e2a43f518ee754f4d4704e48eb2c98bb14272d3fca0cf91b0af612cebea0a2ccb67b61ea2dd56e68a4179c3792d6ea65b8b9c5ae9405f2fb323', 0),
('0cFGOA6mX0KMz2ZOVtc7SYSdM8Nzh4', '625ecac17b7114fb2175c09b1707dfe488ea5bc0a95776e7999a49f40485cc95da90ceb8badc2940a885878751ac4e1d37fe24c0dd3b8e6cf379f040e4c2e8f5', 0),
('0CnoijoaByupEmfxXtoPf092jafFxR', '4caa2a0da8ffd81c9db935db3a75f8a55475c67ec1d0b13a6e9b341f16fb37281aabd69ae56ab6e4479ca974cea24cc50aa78957ccbfd7f9ba4952712240cfb8', 0),
('0CuTn5E7wWeECizIfL4nNb8suRk9w0', '8591f2f5fd180240fe2c7393d30204ba38352c1e8c34c3716a2c1b0c110f1cce47377d00251d3ed8698579e46d0e4c32545eaa2b41dae8fc81f3f6172eaf777a', 0),
('0goPIiE2qD91gulh6lbpeMtYTn1JKd', 'c2fc62254e523d8d6b6775ff711367abda8ae223e0e7eb9ca394c44f24f1ccc9b81dced55c182ed038ec527f9ee367f458edd33cd2df2d91cc2fa6f5b1ed7b40', 0),
('0Iw4qEQI96eHZPfvIdz6Sr3KLunF2Q', 'a676968a9b9c854f04138c73f7692b3c090493a6bc0d5c356101e7e6050c4f39001d18ae1776dec9d5bce1c914d9cab97b62885e6e24bdb420028c8cdfc92f4f', 0),
('0QCBxo4w5fRAE2MBNMBagPcX3pngaQ', '20efb98f7be1f92949175ade84f368f36b3d67e318f46b871daa48a23387b187650154c80e1ab0e2809c32fa73411fea40b739c9ae5cc0e6d83249bd3e1ea02f', 0),
('0TLtiehhoj9idfLmyXBq2XKd984kHR', 'eb2b555ffa73bbd91a766fe1b57f4caeadcb35ea33e52a70a0e8dd871378a6291028fc618e13bfc9e7de993f1c6f8a3046c04ed91cf0277142596402fa12fcee', 0),
('0V7mjbANUUS9V0PprREHRCpfIn5E4E', '971fd75aa1352772130f20a4a25f16c465c8d9387b6e0a9421c175e6f2f62c44df41dbcab530f5cab6e25f22f48688f5391696a842cbdead6ae718ea4e08914d', 0),
('0YEmpBDtadIaajWFIyhxFaWZBTqqy0', '6f10b1a2f4fbafd0c7121a8995515b3aa8d728cfad39bb842ecd787b34721e58d87647ac3079f3d23e3b4fc14432eb499f982b0107eadf82a835b88a4d26844a', 0),
('12Eh41xf6eb3r4jTykDq0cNfwRLZmh', 'a43e5979876192e20ef4a491380b9625a7c00a5c6797eec308c22b03d1398a988c805a65087a4d58d17b52788559b6d37a40b382893b7bc5d86d486cfd73b81c', 0),
('1EkXkIzB2ZOFbRJF2QMZxLWm8R2ZgR', '7047123b98ac182d3d97794c69a12baaa13d4da03758ac1ecb255a3810ccc346140a5d9221adc326c483a1cb382d07203430ef9c4244362deacc16673115b4f2', 0),
('1lUID8EWmx2Qb8rywovQkVHEemlpwH', 'e42a7efbd3bdac04e889ff32549d80f23f24167e0e1d99bcfeae7b8049e65ba87db87082644f3aaa3db8f88f996f8b091adeafa0de91669e3d7156cde9ed1f93', 0),
('1NPlJ5Cniw8I5o8d7pi8I9jZPhQWCK', '728ed97615187426501aeea22f870f3bbe8d4b8009343d7a887f8e2c9ffd10989cc3f21adc1a918d1ec6f3cd0fc9b5327e7812db43c0cb6b1abd560cd38a5fc7', 0),
('2AeYxugcanMHOhlMHr99ybqsWfKfjz', '978006446fe9ad0ea4bf4633d1dc69c2c2fb46605e7b480334c32c01814b9f1839891d16edd6db82b0b83093264f80241977c10ae4313e596ec99d07e47997f6', 0),
('2iCDPV7DKEmOuo9ztufBvRzoW0k4T8', '69cd13442aba9580845558224710da809f1f535259a22a8400aabf4cd76ac23cd3e7be1aa6685d52edb9ee6e4360e79ce5eeef63f62c751b7a827340be112884', 0),
('2IjtcF1OP7N8fvNeDk9SzdooB15a7Q', '841af1cccd3bd7e32d4926d08638ff5c270d816c514a61c99de00d2d9fbdf4b44df7d39b46ddd5cedc70c2bc9ba35b958788e4fce9265ae59cb9ff6e668f1db9', 0),
('2LuZB0bLRqzTAtKVri2wVw3rxushov', 'c907d99365cf56d4436b7285b3cacef6a5e466d356e1be84df531bea5b7910adab75ebd4aee11a59d5b462868f0c97a2c45b6594893420831af043b020820971', 0),
('2TNVW577AIXyW5saUDjS9k4HGd1CAA', '8ef77e7d8eeb8f570556cc7faf94d30c15b525e86f54b02ebe2ad03ad6d2b22fb375a870f6c3d20b17cfe9bb813d6356c8e16c04c6a14430cf468bd9626f5819', 0),
('2XYx6xJ4yUmrXczGIQZCFNwdgqWYvT', 'b67526578a626eae8ddff88edf44f2b87aacbffebfc92efb6c300ea1284d09d2c912def2e8a17808ffcdafd8e4da0fd8358e11a98c4db3aacc9515907e526389', 0),
('30392c3bHQ5gD1lIXvXmKcZZbLXGkg', '9357522274f69e3d3a1d40c98f9af31548d5b39e4e37d71d2f74fe0b5453ed18d378b7b91cee2414c3cd599d60368f78eb4dc9b8736dffe627372347fd68f772', 0),
('3049v2p5hb9RxpJSRColIsglvHh4Qo', '6ad9c3b0f95d183e3784cd2b6acafcb92941857ce6dab0f7748f24c98d442806f91c02f87ca756d6b6d3314347467f968422624108c8a7e0060cedbe48fd9913', 0),
('36gMfjZiK6x6B7oVeDlZYY2LnYq25K', '8f8e36cefcad4cb91339d80ccce8a0756b763c92f8c87a079296fa58ed35aa867160b8f874bbbefe0eb0925c83bf152580c34f0c4d95e8df65a23cd7d0caccc5', 0),
('3bAjMyFH1HIyyoR3ZSGGl5Rr0I3vte', '7d8068f32dddcf56fff3250a76373aca92f4d633f55949f2b4d504a86352256bedd59ef0f300fb88c6a8681ee278d1e5bd44662bc447f5810ea371bf832e69e9', 0),
('3dqiXHv681Cs6Yyov8fnOb5SAqWtUq', '52338a59b2b513329b0ade87aa5a38609e303efcec38003b7d3bceed11a0909f88029c246866d0b1c4c00346f8df8a21e5bdd932a9a4938f968684901cb0189b', 0),
('3RGQFQ5Itck1Q6UJq1AhYHEZnA8dio', '4cc0d066d89fdd0e71fba68cb3778302d45f146be5e3a64ee5a955812d4f6d728e799ddf5872ee0e054786886e035b8ad45ea32cb5611a1f809440af2b75dd09', 0),
('3rVVhmwPJMHQwCT6Pu1D223E067F4o', 'f8429f89aba0ee4da53b39f01789dd105e56a97e37230ab365508b489a6fa347cc98159bebbce8c6ff5eb7f0a8248b38bc9b051222f3d62cff0a2a5be0c12c7b', 0),
('3VCDZl9K2Cq1SKLqLf8wIvolWNCy3s', 'e01737a03715b05563b110d8329b77f4ddbf0b676d1d74c233efdb3b74d927e6cdbd74a6b032577f5c66944d937e80217604fba5756c8e0e47aad1910786156a', 0),
('3zacttDeWhn0gD2LlFw0N79kPS3BGw', 'f8a3a69f1bd69375468129b1759e9d3435130ab5d2b409c6e1204a8b2f0cbd39611dd1d808c83417115e4c5f08bd5f870617583a239609f0923a8b8671731786', 0),
('3Zmy6WRf9Uz4HNg378WTFAEXZqtVjG', '0b00a1c855cbfc2dc97916c7288634ba0368053d1e1412f3088ba6bf9559825275cffa44bffc55a68da81922f3605cee95203542464d80fbb88d2e6844c14f89', 0),
('41MzIz2LrxI0X4A8EL4xnj5DUEaxOU', 'ed20c2833b8ff164c6b583182120ea83e9840c4606f21334071af7cc2212200606872104461d26cf44ea3138f0029b2f9490c8a8ff88d1fec345ca8e0cb5263e', 0),
('4AS7oFdUm55IBjZUIANxFSQAa0YuHF', '75b988f87f0d1c700ff31fe133b3d56191cb84d5f5ee43f0deb0539b368134dadf56657c67729060c7b01fa0e4bfa9542c0e9f272415b82bb691f22cdc8c4781', 0),
('4BFQ6pSf9D83DWMW0mHrlv1cRRzt6N', 'bbcdef1c6743b31d760fc62cd67c85617d00a2f3ae207569ddf2609f04565de06486aaa89609737e1d50ba5b3bdc94c835945595b96a2008aefac7bb793a611b', 0),
('4fsd5358PYtxBxoGxyUDa2qftinj43', '3e1b53624588aa827432ffd0ece798f36e3a5de726b7f016b75494bdf9f43ec762b4e651e6788594f2951891174f6bf3d925871afc62504b3a4f0ac63dcd245e', 0),
('4IWlmMC6FSmHQ6yhhXgp93lOG63EEP', '879a2b1cf36de345dd57910eb0c9e126940537163904e82f6dd4ce5e86ee46e3e091e6f263e9c4f5cfe1171e5c61fa3837ec7ed90b09f541fa69146743f00386', 0),
('4omfx4KR6Yks52PPf5qHsfZ8CHxHzC', 'f2a45b2a67dd20f5d4a50145acafd20344b7b93f35cc73adaa47cbbd7e6f671f740b9a31216007166fec273607759e0cf245df9f86ce4224a7ee32cd1e99576f', 0),
('4uP4prDZpEiLUTHCtRkRd1pPP4wYQH', 'f05992e5c823f09d13fea9f758f2440de034b9c45022cfe17739183216433b91e1dc821977be270601ad1d0e3b3df5277e0c3e14f7fa59426f5e09537b51435b', 0),
('4VoWRGAeptxcrgA8b0ySIZp77HWaDT', 'c3fae55db4f96701dc7d06aa98b7f1112a34d916d3a6a69f8e39056534d3bc6a7f5abfbd29e9f94ac68b8b647b6301d07819ac2c3c897eda6831297cf6d4bcfb', 0),
('4xcZSPSz3O8O47yEqUptiB9m4Q1K6r', 'f0f9b6944120b276a056652b5c636e222bf7b8dbb60ed87c47ba4a5eabc28a0f5b279d87b698468e8ff6ebeefc773a8040d6d6d10959f794b27f5481ec616fe7', 0),
('50L0gQDuKNDCX98mz4b5BMxyey6xsq', 'b6fbf577c48249ee052a9a58c5fcfafd3211b4c5fcb1b2603167db1510acac53abf9313ddc3f305ce57070aed0ac924e5a9b8b99e2b4567f44223c10f1515a2b', 0),
('56G82mDPc55yfcAHXkIzHsy7vHvA9V', '5e410b5571c9999b0538d695a9ca418c9d0d08b488f4a688f4006b0b5fda1f7e54836358873ea5074be9372513aa6ed12a19a085fdfda507cb8de31e2f7ff0db', 0),
('56WjXjZSCUq8DfC1inKaTjpWUOnvv1', 'a829b1f790d417d10fe005e3d6021902fae8291ae838b51b9c30ef96c3a301f9cf58b0ed8855d3bf36af5f3ce474efe0ca16ff60ca650dcfe462d4a51a92dd6e', 0),
('5e2C1gUZlve1T5Bvn9lCn2x9OwUt1T', '5b1993d4f1dd3d8ed91ce9b95bb923a8fe1dcfd1fd711b028714f5067cc3877ec9f75b659179851880d246f8463a39299f02cc846d71490de87aa8efa56d822d', 0),
('5GSjVeCVMW3bR91U1wze3eQxQ1UiVd', '01eed19f13c3237b1ad3d1e5afb779107a12bc43a1834490edb4d4332a629b7ab6b403cc23885205746f21cf81e62793c5a1357af40db32cf85f7453de804a78', 0),
('5hde7U1ZXShjlIZCzHRsbtaqFgOp9f', '277dab00900e2017ff8b2ad8f0397c9a91839a87b6ee70ab8a601b8e11a7aefb411e48a8f6d6406bc8ca48e26f7b6220c9fac95d24e82dfbdf2c67e91e9f6cc7', 0),
('5OANCbja2HqacrSNDQFYAVZLpmEHpr', '502d1a18c52adfb0337d57c4b1fe5c34ab618df37039b6e4615fe3c9c7dfbdf51ef6a96f0c0bc9b8965d82ab8cd5c1b000aa4b34d8ef5e82a25989c389c25115', 0),
('5QbCcBHGQNrzaZiNtiQFVrTVJGnRmz', '62c22d25375d5cd796721bad760a707125822782e8b49387f62cc06765525fb1f8e182fb442b5e2dc60b9d0c181abb62b659c13be4ec830b5489d788b9ec38ee', 0),
('5QKVSGRgiLbh6Ok64Xqx1rrANDVKpo', '9403ed2dbf9911689f403dfec9e4786ca6506c6443d82c32dcc60692b733db3c7cd7b347cda7c2792a38831c12b989eadb8db649599f420ea090b815332b6db1', 0),
('5Qlw22B0JSF1PJGv1zgbzXlVUUfmv5', 'b7c5af223e9a3fd84d87533f633712baf3ae45af7896321d4b3528afe1789f0efeeacc934b898c20bd143374207a5679073235d8c11fad3357f30ecb0e5cb145', 0),
('5uIIq3q6nD9mnJl4KCBLQ8pRGKDTnf', '6d736a9180ba3a96ed9c1915ce151d3b3f7e88513b8dbc2f0de64a17a089e1287fef210a5b8bdf515c323884ded97a4a6e9aad6697b2aae74f5421acb173ddbd', 0),
('5Z3RndD4JARP5ypZuWscTy0inJvbbD', '7a2d77f17909a2fbf7b28841eff013b98f28bf6b31238831bbbbde12515521afd91d637a001cdf77f68d1c51744996049fa59464e1231eb1a626056f0babf421', 0),
('5zHt45nLXBrlRcEXpQPlhrqI6HMfF9', 'ff0610783c7f03be082c1a82be885506450974bb8882fdd5c12bb8929a9ff03605446666fe968e612f1bd991599a8b18aa7cc3b6a231694249f88ad383d458ef', 0),
('693cA3avedsKEw4vtU2bv5QIBxAT8G', 'b448db681f8dc30d888081ad03bc2d9e3dc5d696d0e4de352aaaa23afeee303082c48c175e78dddd48c86c17e6e9ee8d644a36440445955ae8fb63107c3cb98f', 0),
('69jBEfYshSEyIkuO5c1BkdFQhOiWoN', 'ab5054054c7365c5e351baafb7e41b530d4263e8572b8d7c14b5680f414f13ba1271a6e40bfb4d10d9c4d0d39d81c877c1ad62d6d0bc65f40d3a18f842f63234', 0),
('6cLOMAABUenKi1zfl6dwxWhIGTmE1Z', '8f5721483a9b19a53138d738734d00693f9be0cc62be3cbcf6bd132d56230f70bdf18942d2893c7e19506592cc77a54c6f2b342727ec14a21363c2dcd4d48ba9', 0),
('6f2YPNNfToogI5KGKGFkTq9dItQCOz', 'acf96b4c6fb8caabedf0bb65c7e04c6183acb182e53d0d20d7ba3c2e0164e6c7b9771e8642378d66bbfdca846541e4684a167fe982d3a8c6cdc2578b30abadc8', 0),
('6GsY4vtynTuXS71bHocVSsKBU9Frcw', '703be99fdcf816140b14993054c727cb1304ff3fb522e0a77e3cdde85810bc88554aff287c77fdc385bbbe6fcc6120f8e3bccba0a2821c3330d8b0ddbc82a998', 0),
('6hLmeK2ra3rww8Rcvrdhf7aYdOC30Y', '4e2371bd57454a52dc46a6a1fc6818089c891a96842641c38ea5746b79488916c00023e7202f5f0c2419b908ea8f1924a60190937b23decd1eaabbf1f504e4b8', 0),
('6R5OLUgyhW1JHbXFSlZTtwW7UgHdbZ', 'a2288b2b6565d1b09135e26f871c5955f29baa85bc837d63120bf4db5873ac733817c1ee7ab786fdf86b9da826161330da813a424dc1999e829490adc0944dda', 0),
('6rRBdMsRYIjLo184GSZU3D4fY9otvc', 'cc27214cbc95eaf70bddbbcbc719371035f9ba3c4114edd7e7261042a90f53c8648053f68c86b9c770c5fd9e1f73db66de13089c8417fc88120959f88f50f597', 0),
('6TJ4Ove1Vneee2dhmpIvQuwf6AFfur', '8d3bd884bb8fb394d74d6142fb7211538a866587b09fb4d2b76097584ac747e49a79c36c8d6678d6fe67fb8a979d108d1c4fb32e81a640e0c54f04b95fd1fd2d', 0),
('6toYZAEuCozEkfmtjx83G9q1jV5TMB', 'd73ee6242157e63d715947ab8663710524a6d6b1b7cac27551a097019b21568fcd93d9e77abc3893a310a9c748fdd155a8d818ed5a2d9e2e92e427e7896e7f61', 0),
('6UEJ1k5n0AaxqsE1ggQeX3pOIdu8Js', '32a17d440fd7531dd2afdcda7d588017160db888b096515df401f3b585e248ff4b3778212ea65870b0af867d50fc4519d4e06e5f52271221454f6c68d6e7bac8', 0),
('6uhlTxEtabzwFHAQkHK0N9gkYw4mMY', '47dd5c49fe630bf2186fb0dea1d24b63bbd699992fe28d0fefb5507359811e52554b1121d5782a63c50c5cbec68e184cbc3d492d0c2e4e7b0ae71845754d43ac', 0),
('6XCsxFSCEGrHGxqgem3ykAH4WsoFqs', '9741ec600247c2aba4f64e5a09bfe5074eb49ecfece9cc4cd645a6832b142cb36564e04bda0eba2fd6f0e191aeabcb3a1d59b71116844a4c83f31b4dd75cd147', 0),
('6xobndkZth8mp6a13IhhsHF1ivZjS1', '3530d0b99b061edb7aa20e831b5d7b7b3b3b9b9028230d18a91c621111a226dee09e079d577942e42b12f8512dd2d37c3db30e65c3731f9750aecfcf676bb7a4', 0),
('6yBpMEAKpHUpkfQzadDXsNACOTUyIz', 'af70b5922fdd9d986638b2e6d25d290478a090d3ebc3bde233913146dbd009bff61dc8bfeeeb9c307dc8167e4544a239f6277b4011ce3d57d81258a4a5a70d97', 0),
('6zRbJR90ryzlJnrwINOklER563hkQ0', 'ca65b8b2096d6a9764c549cced1602dc7c3570fef39119e821cac00a076ec3dc599720952f381d9058c66eebd61735192c620d6c79a2cce597b2faeb0fc5c8c9', 0),
('73aFAI43DlRTVV0RoBbsqtn66GXxuk', '5229799bd22ef148e1966555cdba58a751ff7df289213cb11d67cf6530e6932239c5f5ef1c5507e1a5a57ae4ef1b19bc9744be0730c174a227b3ae946b6256a1', 0),
('7aFFUNQL9EfSLCbgFqGJOXCpRJt8GQ', '93683ecc07779a1bdf0b02c892f8fec05de6053e58eb745424f330bb4b3bdfbeceeaa8b3111d240298d7d09a0fd90c8a70cb78a874f0abc390c7fc796a1a3b48', 0),
('7BcZdD58W5rbVU04lRjJu9wYeWSl8Y', '9af1ff6b1e5a634942633a2a4fdc98183f4bd5d1493e0f81c0cc15578c3d108e0f4b942a51070062c7f2aad08e1f0b9ee0e6b7d0e1a3d22398751d7a64f62351', 0),
('7Bt9q5gSAUgKI4hxKqOCcX42DkCSOi', 'e37290d52692ca42b8390973d50bf367cb7ebd8dac304b021b00f58c5c980701c9282b4e21831899deda35bacdebbae589124b92765427b3f1e1d69b5ec337d7', 0),
('7exrTGK6ea3snEmZv1ErbQoqHY1xqh', '31ef9fc226f78ce4e962cb03dba70dfc64fb5ce065e007c72eaddece00cd7d5ec3ff38ae3cdda72f1f9b565e128fef73535864ecd8dff701148367b55bded6f5', 0),
('7hMaCrrGYIMhlvXzz6swzi299yKmwJ', 'de6165b9df9efa22df721938fadad20b96ac001fefb7a2a349ec848b190443d9eaae0cc39ab1cd7a280eb6d844e3985f439e076d22d7bcaa53b8fc74b2282bd5', 0),
('7SNA8ZYZ2L7Bdtz7i1ZXlJ5UONLSKQ', '8b4fee284a1ba732d324a2e082716f3d0eca7d5f1472b4a673ddab183b718e6dfae35b8c7f969be83fcdeab56bad6e64f7f87dd6454ab87a27002c29e8fc1e77', 0),
('7TWGwZ4anzr04S7sPQU3qYI8WdbAJl', 'cbfad74040afc37efdc161c00acb889fa81cac6a86c3e00f06cb2f7cc447d8bde461dcb96b3acbb660e73c0b13ad6faf5c62ffaa1ba56728d3c013b98c934b4c', 0),
('7vvVF8N3TeaxiXiEq4YIrZx5dQ0KYE', '73e9125105e5975595cf9852f5640b50370b15756ca7e5b6e94a469616d1149a9f79f02b97d291e0d5dd9d63158f18ccf2eddb37d7923ffd919f6fa49ae5c491', 0),
('7ZNz5wwND4LqTtTmf5rnztp1Oo9QCh', '43db023e52295e3aacf5d66d8f0bfb900adbaf86cdf4fcf6c4a83323dc49909fe25cde801410ad7fb885730e61e7557f3a8eb63ba80a692cc0d477fb796cac9d', 0),
('7ZUb3KspOrl90nXfD1ac63DoNcYfJs', '69963783840aa0fd2db912f0bdb3861519db1bfeadcfba279bd451f49454d33f455ce3171b843ace97220bb9ba2a7c1a1fcf441a06ade8b2cac6a8ce97d68ec1', 0),
('85yHuB2upqmBmRYmuUQOk1nQC1ePtZ', 'eed463e7b23d859814393cbf2f27209640e149430933119d1aaf3a7bbe56b35d1619b7e2c9e0eaeda667a2ce69716d6fd6a7a38a8dc3332838fa6ce779fca10d', 0),
('8BN1SJqx8bWfNQ8zLK0VtGeWLGQdEY', '33b1175cfe8b51f659f5147704a02d6a52fed62e9854a9d9cc8ed274ae6bbe0ce1f50183a273565981b997da4c87f99472bfd03d9d498ee8651f00f415ef4a26', 0),
('8fFnfV7stvtzUVKupwMN5KfOTlP4Z4', 'bed255100d58b3e0af9696b0d7528cd93518bc0229919c60b41eff9246d80ca88977548fb59e44c6d8c61044045423fb6521f0dee22f3a179e832f93310492e9', 0),
('8lWUlHy22YahjfafmQLqSrN0Kc6Q6T', 'e38e9bbb477dc837baa6af930e8425f962ce179d911a914cfa4e42beb35437650bfdaba4aafd1045f5f7ecf88f3673eaca8df92c85c2764c8b6c1d8e17e6eb15', 0),
('8TNm2HnTzi6wI2mMzaKELfL1B0WIf4', '94d8258208e5027282331fa970ab3b69cfd63ca5e2372bf5bc87909010380c1b0a2e3f819adeec98cd007e07389c9d19667b5519b17178632333d00eafc1e648', 0),
('8vdFW6hHXMexeKPAY0Ft2pGsdZVJTR', '47d97452b89896ed4569f1fc91ea4fc3de51c0542b804002ad58b73ef2bef157b7eb01a7e4fdec6ddae2810545d61fbb1f41cf0e0fd3eff996f135d66122bd17', 0),
('8WFO0LQSR8qASzcByOwORSH18yvgsG', '0b3978131a72714a2fa21c7e26b05920c967fd1dab4c701537990257451e6226431754dad830ed6759e5383e950dfaded3ad6e1f54b684a1e529ef588e3439b5', 0),
('90kNftp5rcQRSu6LBFuLAW0dsdbn3J', '34ef82ed05577569767f503b16496e25314dd61b976f7c917c3d0c676670b868647486fa625cacb08db2f7f0e21181ea8446dc8a0ea64ac0d2e8c2c35d28a69b', 0),
('92b8ObGzeJs9M7KjRVRrF1MOmjv1YI', '53197e00643888b2c0026fc0f1ffc9ef8d72dc48a8e71522e3d5d9a80270dccfae838aee15406444b465ec1dfa4ce5347c8186ba728c75b30097ab7ecbedccfe', 0),
('94XxttdC4OZtccFGHGjQKOMXI0VGZI', 'ccdd6ee834ec1a1b2797ffd959fb4c92550b00c4baec4418c8870f9a920a3275a991663d31f9acea313cea634c1ea40a3b023dfa3ff195423975202e05ab4a39', 0),
('9dGQFZuwmzjGyQleFen7kgWA8j0a1F', 'de3ebbfd7de08656668f9e718bc126f0796c70ede1922b77e7c2649ebd400bdc894beb50a25fe23a3c80ca39c6d94978302942785a83703bf10520c21b8a1fc7', 0),
('9jmRnR1FSfmvVqjuKrslRnJmkrvqh9', '385468e88c45804ebfab9997d282b701b86226160f5e11fba748818486156ee4443f67ba47b8687468ac9627d4898082033122462659d313e164e77d8376e0fc', 0),
('9Niqpd4DRvKybcggGLQZHqVXqTXXQ0', 'a22925d546e962576a3fcf648f6ad5d02105cf2d26b6952549dad0d54aa4bf9f052e0ab14e4f046e8489b7519c3918be85bcc9d0efebb39e0497ba8c91c19c24', 0),
('9s9KoNaxJUcotC4AuQ7bk6TpSFD8g1', 'a6567490e23d99f74d5278a1ceb5c5bde828c894bf9ce46eae2488580f186cf8d8df139541da69ad7c3732149f77f42af01ceda7e54153a2dd58f7c3e64a331d', 0),
('9ylXLgnosmBqHGWauqV69NeOsclIUv', '9462d2fa30f1c2f59ca19a42a4e5689f39570dec6862daaff1fe695ce71ddbd67b97f126d2606d1dc6bc5f81c2bb08dd8209df06633657eca4c1ce8a03a70585', 0),
('9z7NnLqCKLNzEfSGrcPp23yHB2h5M5', '244a4aa99f5f3d411941c863515f9240ee4550dad0ae9119dcc1ff699b6e2a6b2893dc8293a38327778cda08484e58ec6b96357e7094300d437bc5a8b58ba853', 0),
('9zu5mLFQ7tfmRywdVANVQKgrXs2lVk', '51f66509ff0ba35a8d715b2ba55f814359eb0d569b59b1ee4b477b352c53a13846acf7ef41552590cb8a9269b0e62782a513a14f201ed08fe040d9018ff27ae7', 0),
('a2RCGXBIul9NXNNRKnEl9HlRejZqPN', 'ab2dee0d11b837e0f193f902e98801413dcc86e6d707913b48ddf87bd70303c152a072fa7e293ebd39151a38e9060c9394c342e89fda0618eb0cc343ff75b243', 0),
('A38P4kUSxSaVTddzMjehHgSIW5SNsW', '1bcc06bf3f1395d7eae88d2837d8a90c178c05eb87e4d9f61e5a3e32cf2aa9e51cdbe4de8a4fd997c9f0c241ab5477b0b8f179cd1d022249a3a0b914e0e99d5f', 0),
('A5Hj6Q5cdSlSytZZRccEtW4ULcvIfT', 'be85de0067e7711edbf8bce26ff5a60ec473fe5379c5950b57b4be03ddd4064f2ae5e4675a7471b9985b34b77f1043ff7114635b2a8c0ec02b084dab45629581', 0),
('A8l09lVz57wIFUmCo9UprBav2vQkJC', '50d48cb9e58e07bdbf02152eb5d53c98e3e294ba39df064587b577a8f4db6f8335c83ab966f0f076c73198b962c216a700fb1d23625f61bc60b209f4b541ac8a', 0),
('aCMGxi1vcMeqzZtN0gKa5ZWluKu255', '55e06569818bcdf1e76cfb291504e563c236460d210ec38b2f918527076994d3ab9ab6a166cb8a9ed7aff1087b7017ff79f34622046ccbc0c0c5bc223c4c7291', 0),
('af70ROTK5aHJCvEnpPMeR9ykCHBZ3B', '5d4ef5ddb6250213262a97e63492024f407f56daf54aa6171471451c20044a324b4d4a1cbd16d7c1bcab1e6beafe84940ecacb5c96d09626cc0b7f3995f5b96a', 0),
('aFuK26qRzvObqJopWSOzzNZfZBkzBU', '49cd4ebabee7d27e1a79fbe923a2e7a4e23367251311f3d33c0d1b8d2b3a9f42495ec6246fc710aab82706399481bed3b2c453e76e8fd38520d9bd9990983a5d', 0),
('AGz13RU28jDWKtxcNW93IOHW2FCnxw', '38568307fcfa362f6ae28669da87b9b6136a1b4ac3dff6ddc851c14ae2e8701f687f92de2a0d5e21c96b0cde82b1137e5ae582b37c5e788aea77d0bb1a4c87d5', 0),
('AhPtdqOnKkbeG5w0jfVbBTWtCKNUag', '80688dda8ccfdde4756215edda87afddf812133365d2c43ac6a4af1f958a14b5e307f3a98d5af30605f52068ca9c834c55cd4b914a6fc21b4c496d3826533498', 0),
('AIO599Y6AbxrLTNry6CtH87s3Wqc67', '2f9151f601d40ff23dbc81a2ba6f63bf9888de4b70f4f568b15e5c01050f6519f6057d12e22f038fdd6222419ec825a41dd7164528e2640bb01cac87dba87346', 0),
('aiwklMWtpSkIqwPVRaGStV3WFCQKCE', '87e634eea7415b307cb7135a2dfddab4c5b5292299c29718d4badab94898fe09288a38e4bee32b2daba7d65bf5d9e606983a4714de0d5ba43966afd0724eb10e', 0),
('aJfHg9Lpasbs5MPkI667AtiW2dg6yH', 'ffbab0509132ede16039c9cb8b683b6cd74cd861ad3afed15623d29fd731210a81b07c57809d7404a629bc34534e4927955ebedd6ea359c976ae6f79ab74e86b', 0),
('AMJjMgbekk5arWWjedts64RvVX6rhU', '90790b49a1f4a2786ad6f7ac9684fd73b9fb03e2aeba8b7385418a879ac1e0511d2069e92ec72c29f95b2cba6a0337c9fcd9191f8d574a3576895ebb2e9e10d7', 0),
('AnefQ2aOCz44uQRVguwMyVo45jbfaK', '428bb1720c8adeb0730f82f30ad98aa46a94723d648e921bf7fe850d9c55f85c94f91623f7e9d109a4d767c94c9e31ea5de95979fb4f678bd8f59ec5a5d1883c', 0),
('aPNoSGSL91udjZbD7MjBShF8zLSfAg', '712ece8601f61b0247cbb370ba2642aca19cff65a9da35df7bb0f4deec3dc2116b0c239d2a2a8a931dfa0d337204bcdc2452f9f379e9c545dc3de69544f42803', 0),
('apxF1OukNVQ88eOof7scbeX6GzmdWa', '9d12e2d9ffb93763baacc1c58f2958e31451ca3fbad4c6eb135783128773314c5d9a0b51e0765085a12a484514e5587d858934fe098fb60f74e58bf625e0997d', 0),
('asdf', '401b09eab3c013d4ca54922bb802bec8fd5318192b0a75f201d8b3727429080fb337591abd3e44453b954555b7a0812e1081c39b740293f765eae731f5a65ed1', 0),
('ATXy5IxZsNETq7ECm71naV2xAj1w40', 'b40940ab15cbf45cd36bccac9f1985d8ce0a2bc9aec3158805d48ed0e274908235838e4ae1c3246165c5aeafe2ec038c54464de5e9928d1d11525347e5a5f8a0', 0),
('AvVyVTBmJDLLRSBZF9Tg9ISsVlcWRu', '640cb24eab155222678b8b1410520897a6e5c0026dba269ed7ea3264ee43e2c8890fde88d29177ae4b5d8f8d8d66949c4391b3cc68b6dc0673541e488a6503d8', 0),
('AxoCGaw60UD3Y7U9dzajtuTYYoV44m', '78d6202d3ee8092333f66f7269022bfda68ec656837dd8324d6708ad21153f01025d7a60b51a6f6051174a50117ad4fa249d1115def2a68a50038e7538edf4f5', 0),
('B0BpfmCEKKD0HFmXkYGXfwIVPmxNVZ', 'd9f650f46ed1c7cdb67cc06fca04144a54422e9ce112a3e3dc227db2cb2374e0ec0bb341853a19a82eef0c7618638fe97c24a81e6e128a2823ef107a676a57d6', 0),
('B1GDmPR4Uze2AEdwGBs6Z090I34caf', '11a8428f4ada4c7d6c308eb7dc55b7fabd0877d0c5a9532de2bc289d6c83f3cef38e5eab085e56275a15553a7d5421f6f7c0aab0adaba22fcfe7fa66c13544d0', 0),
('b3CgV46ZDmOSMCYOVJurj141hKqXeF', '42ca8760083bc38edf376fe5a1298762fd41329e4a39f71db1ce85b89e810a1c4b5e55ffbdd1040815b3e7dfee36bb33906bd535d0226089b553588ffae9436b', 0),
('B6IRFZFcvsb6fOEbbYtXf2Vtfyzg7R', '9eb12a975331a051bf409c8582b4ec037197a0d8b91b1f092291eee6d87d09a125248550fd7d36c892a6e788e6f48b67e2c5b3e8d3043a96bd39bc22e7655880', 0),
('b7r8rFBLsgOMIJXGpLwJdQ7aSqkitF', 'e3e784f2076290a164c0fd1dd94730cacef686b7f99758246c85be6435b1f295a97ff216c229fe48e48b2228126a7ccc354d974f043b0f25aec15e901ebbf905', 0),
('baJDScUw5j1sAROQajzLKOFujL8seJ', '264d895937ac5dc5ff56efe99f4740437f233e3ef73ad0d0111c7ad4a848e6708205e648a7e515e4297d0e54aecabab23cee76099cd4a8f20045313a72227059', 0),
('batyuzo', '2d8555fc6d8b5e60baef404b48647f85773ceda476b9cf970b0c1d31eb49094988cde5a7fba16284e1328ccee855509fa6ed0a5f9aba6e340dd3e2d3c5e62216', 0),
('BAxoDWIoarSV2QA1APgluf6n0vhwEZ', '466f2fadd992dfcca3c515f6deb90eed38679b9a2ae51ad01ecfa020e53fd9137339f256e98180b161213420b691cafc166fe516a065c4e50c8b29bc9fd10369', 0),
('baYEQWnHeVfDthsqMBKNA2VBNMFYOy', '5e11ff3f5f175285a1eaa4f1232ad4db67b3d4e837875605243551bf40c95d225cf3fa1fcb889f400ccf3ad9a29c0837a622c35b439062e58cdfe40b56e638b9', 0),
('bcWjNN4rmulqjmM8GekBpRp32KzB5H', 'e46ce0b2f20927cae0422c9f02c8c96f1bf3792a6e13e7289fbe1e1003ddb14581e611404fb6c40892db6ea81f9a00e0826505d0c32069c3230c7897bf492347', 0),
('BEGeUle0h6Xz15Z5GsqkAXDsJ5FCm8', '57a78e35ed3f4f9172de10b6d2446428ddc264235d654f900f9d0dab1fa69b30e882d10adbd669f5943476824eaa8dc8001d0b0780df1b1eae90fc66d7c72feb', 0),
('Bfbn3hGaaEamLILafEvN87eCPqSwWh', '9307b43644ee3aa06282c3eead5133bafe125bd9c6eca3c6d98773cfb87dba4d59964bb38a2d6734d2118136dbed6f4a6a8264b09ee6f87e8d48307b9adff74f', 0),
('BiPvEUzdhwmYseNPBOWLRMY4l9NNlv', '24160bf2f8931cb70da139faf2620c01b1b3b4656b695da05eadf29f0a99e257bb8384d48d72127b6b429a5400ba4965bae262ad714de0c7e4d5924ee94ed64d', 0),
('BJaiKiQmtsnMp9VP4oHwGW5XYJtYcq', 'beabea4c5b31165738c8b0c3264e5f7ca20de257c0f0148f0006ce1c7746ade7ef073f53db6d195459341856bb3b2c4a9af49ae6ddec19d01ea6e2e56b326a26', 0),
('bkdA4VUMcnlGakTPb613Mf1eYPOfyu', '1f20b684d51d65d9a710369b113a7df9e6620ace55985537ae32c0c0955674b0378bbeb9960469d36fd5bdfcabfee653d5b79ca10e7191373dacb7332ec62c16', 0),
('bKvMYutv7Z3BXxwC0tWrE52P5W4DEy', 'b55f4e21698db0547433efb4fe64239e6bf253e29e2e4f56dc570526a16dc652fcf7ff133b717d3fc48916d82252d8573d4a24774b7381357e72ddf934cc4192', 0),
('BlSKXxwu9wPzv90zBHD18m77V61ujh', '9b959606b90aaae9a465b388454358d55bb9e379951cb09f523bb8fd92ffb5ea35d8509ace4ed6032de03f8cba0c4d359cfb29361d6807abd800d96ac6e522c2', 0),
('bngIto82SE0wicwPrlMGphRfTwMlAY', '424df21d88360104a297553eacdab7717239f961d43b303073876739036dd85a70d2514cd25df5f37efaf2ba342f834869f57fac6f379e7838ece0dccd5943a8', 0),
('bnRDZXfAfwQEt4A7haU7fuNHqntIj9', 'e4aaf58fe8e6c1162511650f25620e24fb6fba1b9b81df1864d4d95885e3656769c0b502f37e2fcdc6ae159010992b676f7ab18e9f46329a9fd2a1b2d0aa4860', 0),
('bPHWT4DvbsL0nRdpO3fkSRMF85EtSg', '364a6d12cf173e7dbd231bb584418c2cbb1489b33f56b321b7262ffdb8686fb4a86de4d8fdf0465327daa751ee7234e48fad2d655e099c8eb1b2c9807c54b964', 0),
('bPZIJtCWtUF0oLIlCi3PUuMUIxvok5', '8df60bf1f2798e052cca8f1c88697d2e2b97cb5f3971204e76d3ae7ce4179155cf88b46f8fc87363833fd7462fb79cca0775c92704746742b9b799e190b56706', 0),
('bQFeB6KWyJpes5g043EIj3orO5Mt15', 'fb33119f819f5a47a1cca5ddb3e93ab66e2c80333471a8075a6190427520228f4c025bd8325408663806e9436f51b0fd7f333ff82df5f809e93043222e855319', 0),
('BqUlr6BHV2l4REMGGuuGIxprzw7J3d', '1ddf062b36c58ed3c418ff43d74fddb84b11dfc9dca16425ce55f4f01ea3ddd10802b77bc21f2d100d56fff8fe06d1dfef348a00bdc522e4008489c814c97547', 0),
('BSaXO1IUia1cLmBQwajzcQRKewZx3b', '7310fb8ac37cbfd94d542c555ce8ef1fbae8e4ada0e19647d4ace352d370b65543ae626a450cda4a503b48c35fd56a97f208ddfcb5569496c9b40abff7cb729c', 0),
('bTwNugJ5hITyG8WORnPKpdsRjlxc9p', 'c1fa4fd3bd543edb5a49541eac97f5745ebf25ef90210d7e4858d55c3204c8e3aa93189939165c147c785ab1bfac2f204059f61b06fede4a49fbc256dfe6c1b1', 0),
('bxbD8xkcbnPtDSJJzwJoPYEKEUhBDY', '72a1058c0a4b4dde0397445914ad0492d7b49803b074de936a19f2580ac64304164252dadcd1267847cd840617df1edfb7e03decbaa435e2a58e2058da863b38', 0),
('Byr1PXfXcaTpi90fcKETA55LIXZmvB', 'fa930a37c5962767dec7b035ac25234137cea6a61ff79e5d925d71a5c9eef74c24b3ad29c60e46140722e503946a797ab7bae96eadf699cbc6a6c89c79b6b6b8', 0),
('BzYj7S9Wenh0gsyD3hDGL48BTrLar1', 'c63c44843b0f08dbfd8d3680edb48d726f07d19b88d4252ba0480a04465a18798dbeadfeaf44c2c4c6271458c98ab1233555bdd9597a595d663b27d9062419d3', 0),
('c0LBhLkvRjt89Qg10k2De0cohJudI7', 'e5d605ef3e1df925bdb91de43beb377b02034e997ae3153b2ffe8408aa47619156d465e5d799e6281def201dac36bb3b0d9fcecb77c78bf4ca03063190456971', 0),
('c3cBsDV5MCOappxXQtStT8w4samuvN', '08e17238f3a3ad6311c6fcf1136042f93357227b1e7aba5dfabc51208872591df3aa68185c1969d04d59fabebfbcd258468c9bc5ef9a6c5d6fe4e10ae42e25b8', 0),
('c5khwDfFjzcSiRsqjtOFQtUGgU3vRq', 'bad44165350a6cdd5a94c39317f45635b383899c42bdee36014b4b179ed4c1a0c2d33bb3481907b02f7dd03d9fd2953c241b364c7081e7be515e3f5da8041b02', 0),
('CBLYdqDiONafoIUzIQ17XsCwwhsx9R', '7348e73fd999df09cc9a27ba91e1416208e0cb6d8abf988d6d2299b0963bedce33ed79c4c1df5082ae3fd58c3113b0ab3dcb319c26e93dce47f8d360795ebe4a', 0),
('Cf4ED4FoJCD529AAcMnSQANiLMnUF3', '2fab8115337575dad97d1428273c56067eef87b70cabd6f2f1837921fed2a449b312a92268747bd8599a4064ffeceda6550da559a62a1252c626dfbc3a9b3c25', 0),
('cfcTrjdM9IIIUrDdwEPt9ivLjNEd9i', 'a48e860cbd17c258a5ee859adbfac3d63bade01bdb23d89fcc57321c2b378c85dffcbf5b222aeca4043a77ab2be7c36b0721688b6d3336e5a5f8dcef8dc3ebf5', 0),
('CIMwd4IiDebCPOf0n6BqMpn1U9hyyp', '38dd0a4e3a76735e33817bf20ae049c9113cfe48f2d1897b45d113f17879c956b3deea964ad7dd9b091188dc8b39020838ce661ad9608d0091290e31d970a0a7', 0),
('cJJVH9SUrNFklOMH1azUhnbs7WwBqi', 'cb1c99eec872e361604c123ae022effcbddefc48342226885dde1bfe53d39abaae76e878e851f14efa38e227bf09abd13be330c9f86cb37b6101c13efe206df5', 0),
('CKRgzYDJhK2oRpRn6HO9wFBN7UIngA', '6aa2199789759db4b773ec30ee95c552af6e6add55a0645c3df78a95d6669e91e861ac52f3543b1c8f42fe4f27fb031353693c35dba9d9af0ed2af3db151cc68', 0),
('cLzmyLkwuAdXwXDSgmY0pBOz262OxR', 'e9950d4566f130a45d64bb91353f89d09a4c4c0d65137a6d5b032d1c3bcbb82653500a07faa41824867c327acd6f6035c32977ef7fc0cb1c554017e77c86b0f0', 0),
('cOgJGSbSEGjLDUvWLmNn8WT8B7HQ5x', 'f1fd9880f9d6af8420ff7419a9a0ed6af445f8346d692c9edd2b27ace05bb2cb1c06a327a32657e18c1c80ce758921bbbf986467b0f1ad726cd008b4962b4e67', 0),
('cpcyVCQAX9huESkiwChhZm6sJQYBdf', '68da53654f9e1bf97c3669864ddc7c40068055e12e93d5c124370423ab87ada40749440b9692426c9b8fff03a3e4fd60735e4bae33558bb88d7b12f1d709acf3', 0),
('CRXfHjpDOoBxcUtM8HqSeTwksMwDMB', '53b9731c7808695acf129bcc5f12244f057053ae1c037caa85b9f8b5f4ab85f6f0fcedc1d927a1afd1bdfce50edfc699b60b997972cfb832f6a542637c458247', 0),
('CSGANwMnLWrURO6Ys0CEWxNEIaSvQL', '9c758a64f4e9f5afea9fb3c7979a238cc43b5eafcb56cff69d91ac54898d8ed02e0370ee52ccc7518e05ec2fc73dd98e40f3c8a04f7553e5d2596716cd737171', 0),
('CSxMH7kkBngonUcNJ7zGo3w2BYFbRh', 'fde97de582a89409372b546c80120611e7cb97bda7b9c9a07a986b48692a358c934e2ecf92507a9ff8ac74ce346f66031e02e55d314cd364a710a6a204e8a9d5', 0),
('cUHANLqcZvoHWtaWfHCdU4SZQGKAVC', 'e375bb107a01716452d183251636598c0eeaac9add3d48ab6fd972ce177064be5ee39b6982e264e83d26555bf5c6d16735c75d806b315501ac9e9fb364693ce8', 0),
('dakJ3DJYLuDkWVYr5BadSfxFbmNysy', '54e9ac982f436868d79d286507373d32883f3f261a184e85cde4ec7123f6e92477ef60f7b9cbfcd10edc36572c24bc3385eece1b63dd12bff4bc23978b1bc336', 0),
('dCRTZWzJWKznw4oGETFCJU07BiIgDg', '5f5eae3e06d42f8f3a8639ec357860214118dc028e45d04c6c09762bc869e7079425a034a7b6ab065dea5b78ae48df01a0948234d6ca262a8688bc5864bcb7e8', 0),
('DdD68LJ2Y0G0WC5J6kNbNNMQvOv8qk', '56077560b8610cfc44ea63578f4f1bdba6e9e13d927b9653f7bc4540cf283a9b82fae7a880528cf8286cd5a15253c878306d8b9d29ed50eef02032f92985dfc5', 0),
('dEP753i6NMt04eZXw80CzI3CxawnmW', 'e1a9dd8a859419a5ee90237d6df82f4c08c24034d98f28099e40c8465876874049633b3744874e326b3c10431cfee5fa39eaed956b15b0004cc14b60798095ee', 0),
('DeWqzPBNskqUbly0jLdoMuMFRFUhEq', 'fb7171a1e2a0b2a4e78e2a9c1f012c96ea362e3d7d609992e1f0a56cfb14a9251ed832979af79822ca0756d262a23ff4d680f0fe0a448e0e91ac78c3e9725b7d', 0),
('DFK4IqL02WtA4DYtW0mA0g7uALYYDi', '388921512de7dfdca752a668ceb6178df05ef4da14e3e21b0f757b384f9716fec70edbacd37d4e55a2e230367995c469685bce9423d7b102025df94c8da97a4a', 0),
('dHoE6dV7VGwGUWXsUxomMnTsDtYEYA', '3a8e2b272c211e45fbee312f79a7f1475cfc758490933aafcac0711ebbd5cfa3e667f7b698431ff6cd01666fe9d46bfcdff72e9104cc29459c302f134bf27738', 0),
('Dl5LOpy95ClfM5YwQyxONW0JWQJRRH', '93f66affefaa74fb6974ea04f45c442dea0517e314c6418dd36c98a992375fc7ddbfe77c6fe0787cc9c3832e1c04b7a1f64ffe05e308d2a0278fa23d828be240', 0),
('DLHWG001a4O3Vj7uti58SLbH1Ialiv', '816c8edb07510cc3e5aac9726695fe69815838f1d510fdd8d3d026e54ae0d97fa2f45f5f62055343f29c2d2d644fb4cc9a94a538e3e8038e004a92e4d6d15439', 0),
('DlkvrEfAhSSci9QSQUMGPO07FHto1T', 'a0c118f0ff0c50246361758913615cda33ac4fb8c74c2a1137592a70840ed69cc57cf52b0f6210f3d11f00f599884a59443b3c33dfb7be8ea9f7917cb7ae3906', 0),
('DOfDpygZDoHaxNM4BlaJFHRLlJsdtX', 'dbcaf51d8a6b56dd1d756c7b5c53a1e0b6246dca4daf0966ac66cd0841866936db3fd65c18003c51f8775fab611ad390bd2c434770a7827bb00aa5183460155f', 0),
('DRIr0baZT8XDkT8tbePvCyqnFxC5FF', 'ac57d63e9303e5c0e0b61d1ddcd894fd617edce5f057e0752b6ce952e6d534d969fc23b3cdb41b2219527c290b1ffdf2d74dfb4b85d1fee2313008dd580bd69b', 0),
('du97n3v5AfD58HE2o8AfGcyffIGEDW', '2b1a236af54c462b0e418297bb41d4dd279269577209014811afe389832fac56e4d78abfdc4667a18e7726fe4dce13e8d64e11e7a0a03bb71ff6a031da98114a', 0),
('Dupr463YgwUE7wNSOpMmJrr8lxHuYz', '27a1d5ba18adfcf6251d335b9e87adb0e3c955d6912646b6c7998236fc924c166ce2a901910dda6e7c40c9cb5fc2f541b2eee6b07b36abde54bf6d8df606c2ea', 0),
('DvpLjkGmabU03mX7fmaxrs9YBe1wMb', '0f2b34b1ea751bd6647624ba5585475a2e3db5e83e3cee3321208d1d34ac437cae3bc2ed49439e5c5f68e9c1dd5ce98ca2acbafcefe73943e561b50b46ebd077', 0),
('DwFYc7AYfKusSqQorDvQ3X04Habqtq', '7ec6729fc2dfd2602ce5b22a9828b1d11b1d5661b9661cf547ead3955fd3d873ba40b41c722e1ba5c60db5894d23d352fdd9ee889fef934c4c26faaf82f11cdd', 0),
('DXDevM3SDrsGCGNOSlorJxaWS2lcAc', '3a3e442d82d3f48c37ab5c0ff85dc9f6500a41ae679dff45d143a0bd84137dbca1a00996bedea0dda7aa1c29efee7600da6b8ae36305e73e0d2447a0877b0df1', 0),
('DysFJQwXAmhcTiV2d7KaFds0DmXKjb', 'e0b87f7a8e12ced0ffb504a8d71e38a15b5ec45f006cf17e553dd8741d0cf377c71f133bee50ee3043d72444885484c2aff5c36bcb6a172ef06c15ecc3840034', 0),
('E1XXhVvZOjFhDQ8yXoongZP6X3IcJn', 'e31e8251825094799fedc9779cb4584279280579916282195fc601d45b4aaff7c5a026981396202f5bd8083bc97d21c41cbe49fde7a454ab8313cd3c0d3f6f17', 0),
('eCWkHelq8ZjsnJ3lFUDIdgWpQitJET', '5eb33b03b3442acc126fbccc7be1880e5e42cc1fd996649be880452a677eccc2a8fe8ecc0a8d13a0bc76d58f7a7aebc0f1c3c85254cc37068f11622506bd2c47', 0),
('eeElfhhu6KMrWSBfE3nR4IXcUJjfWJ', '52ddae3f346f490731c7760c280269d0907288565ad2d12d716330acd5a2da156f9527d51b1d9707263a4e16e3b6f38bbb44f03fd00809c692a19053731f5e3e', 0),
('EgZ4m4QB4habvQwvJ5iEzAp1JE1yDK', '8ef7af02f1d8e7d65aa50722cd4a25bb392627a5bd1b79febde2018281e4df981debab1a299c60ab74efba0de1f278888bac8fa652d07a2db018d2ccc15dbd7c', 0),
('EHrV1uqPGhVUwvq84PSWdEmFirB84F', '7b6963c1101ae7fe1dccd8c8b22eb931769615a6953497e7201c2552059aa8e2f51e8854f18777e33bf26e06f07993d3cc1cc4712b19107fbdad1b6d2a22532c', 0),
('EJNNzDUSpVWYIzD2C1U4pGgViLZt4O', '64cc5a496d1651f249eea33883fbcee418197d6891b58f16171bd21579ba722f99b29cef51d15f61019bb6d740c073ad18286d2f381e5df69a1850efb55887bb', 0),
('eNNiwMGzRFBYtRkIxKGvqGdHBE078i', '17d819f17faa0dc1c9007390e81a180614a1cbd8ff9652d453c152a6622fcd9ed3de7f330af80c7576af0578232f3c35e3ff919a30c79e3fd694608d032785f8', 0),
('EnX6PWrtEbm0N943qzIWNNRbpY8fyR', '6568c35f9f90d860b820bdea1c5498c3a7b0e6ab5659d215ef9789f560e8dda0713cea006d6bf3cf327cb527f9cf9868e63be61540df6acb82e046dc278575fe', 0),
('EojI6dUba0zK2zVdm1x0VpBZVCAaSg', '089a4f39d7288727eeae31b333bf641326120afd6a43bafdb05631b3fd057c23a3350cc199f4d7ed88854b82281525535a3095e8e6b8acc3d23decc3f677d5bb', 0),
('ePcTc5FXko8eqcC1oSfTti5BraOsE5', '408dbf8df54870b7ef489ed453d64933928312325a3949e51c75442a841edf227fb160402bb91749d8869a44f990de7ac8a868fe05ec9044866db2cbcc825f16', 0),
('EprPevfUX4b556iqp74c2xykrm7L0J', 'ddf0a5abe83ad7a56991b94c3d900a6494b94cf322180bf2878729c85e8d96cfcff7c09f254e73bcd053c3b95ede80bde1ff40b0a4f79b0363af5ca73b704856', 0),
('ESwJsSGurAB2LZQeZnOTyUGD4wQjpx', '60875ef342bdf3eb7c471cea09682d4cec6e3e2e7055f69ae23b1ecc4ce3461139968860dd44d5c55905eff171f1e8af5cab7682a0584558600aecf48e7fe272', 0),
('EU6rbasMJjr44XvM9K05Aal4ES6Xxt', 'e21d7c61bee092ad939f536ab7ae9e1ba51f9723ef80424d0a41fd756a0435eeec8af28236b469eef7b10978dcc44bac16192b58b79fede4090e760ea7190e6a', 0),
('EupUCSKAV0AaBpWrL5FwMnfRw25FeC', '4a7e5be2b39e9919f3a77f044f098cd27bc79922e434e4984b779cb7a1a0e2b106f5b80f002ef6a5cbd1e58a028d5df42f434bda99912c271f45c6470d95e6a5', 0),
('EUvPXF8sK9rOtfOCKrWmniAsmAff02', '735906798737c2796757dd3163de54d84c36722c000ac0ca397bf1891b018e5b6faaee03f903c50da8807dfdefaaaa162ccca83e8730d472a9eb1331fab4ef3d', 0),
('eV48vLNpG9WBuPOVXmJMpvPLIavxdw', '2f25b12f3195d5349588e8b3f7f7cac58a5c1c917f6191ed7f431faffe0d200ce76f8e2f18f6c9ff605eb69b3d5382503d1fdf711e349eaff1e973691b850ec4', 0),
('eVYxtRauyswidwH2DzMiR2fFIOmiiD', '9f808d1a1f8d2dc54d5c8a34c6733094a5dc6b2da2ecf7ee1711960b45a14d5a7f8ed37525a42ddb6a2bc61361e127acf01734bdd1bf6b770465d72bd9a6d766', 0),
('EWnAINLE6VLpdcLOCtpLrP1Hkal7y3', 'af1bd3a6ec0e72cfd3125dec6e62fe46802bd0db6cc74ef3a7e012bdcf39b8779a736dc5599d3674b702802a43d6362f628d2619203103648ab890a51fc8fb7e', 0),
('eZJ4hhCXxcmzu0Chss2lxJmURCpFsW', '53ec2ec5139d19b02a06177b880572cb305487dfa3a7d3818cf346aa358770d56ab380e965fb06dde40545e542ba53b1a3f46c138f984d9dcbd4fe656b1f49e4', 0),
('F0OgQcAFPcdJYOrCiHEhJZs0a5eAIB', '4014eeb9a3589ea88912bc07d485642f4d0d37f2a5f46fb18b78d4d9fa688e78f9ccced934f9432eb44e3f6da54b94e8344b9aa33d6518dc05802b9321679ddb', 0),
('F6E6SKTykzuPjLHrDuY5RfYhkysugd', '2c6863d724978221893cea084b07ce877b2c5fe3510142a01eb88c9770fafeb023198e0d05f67ee6e741cbc975794c26ff9d0f3e8e4ef0d12a29f0b64cedff28', 0),
('f7hlwvZOgcXcYa4stnPHnIiYWEJ1JF', '5196b96251c3ef0ad4bd28c4ec653830026c386621c623e36f02d94ab908f29749915b3fc6644df483518b145644d37065f86e2f2a744372d0835e55c77e2a06', 0),
('fdjdVy57Kc7u7Ri7RJwdI3zn7FlWPy', 'e64b23bddfefe09f233618e0533c0e3906f5a8048fbbe450ffd41320f2130dcab8a610e08f8ea327016ac7c61ffb511c3d5d87bb99093ab051bcf272981d2b74', 0),
('fMikzT4RNgwpOGu7FW7maOhfS2cIfO', '79620dc0c3ae4d635bd766bde0e690b45f4d31d7deeb98629144e9b1e863df8b9eac2c665d0c28a720278e33ea412505e470d5c8c0b51998bf5e61a8e6bf0140', 0),
('fnaDEpFUPbGU4m1lhQF98nZ51tSKmr', '9d1bf0e8070d7f29aca7b37020ae30f5aba2819adf9c94f6a5f57b9ad3438f7d03b71d31b65d1ba3983d7687058d76714b6f5920815de912c3f90455bb5183ea', 0),
('FQBGUVwGnuAs93z0ecNGHZVPsCTEnU', '9eb58ddf25b3b81fa997ad84c43281e0099765ce675bd322708701fec71d2f3db83bc7453cc3e6f0ed7aa156a89db4e48f952852a7cfac1731048b7336128e46', 0),
('fx2G79Kykj08ghMWEFBL6kI9bEHfV8', 'c81002a0315562eae9805bbb73a75118a2cb8680190e308cbf876b31060b3bba34ff82ff7da5f7c7006c7d3aad4a2cdba5f54018632da5cc54fa460561c2f919', 0),
('fYltLU4wsCsIA1srHIQ1RiJKRK2oPC', '9900d66177a7c5d6d8505f17e77eb9f133f4411d3ef1e1ebffc2e01103d13f651b1eab06e4847f0db466fc869eaf36cab4642a85ffc20cffc2822aac6073d668', 0),
('fYyl8gqqtUombXfbPR6IkDIHSInhj6', 'ce71d2cdb09d073e5be3cce6b74bba257053716d2c7c340d26fcfdafe05d7694974b1fa918209f5e5b6f46c4d1cbb94c3ceb38017e05c602af83bd914caaaa6f', 0),
('G9CcEfiiq2axTTndQ7FrHQR9jnasMM', 'b3192f8759130cdb424ec8e8a5337e81d7b467d58a5a4bc72a1b9b3385ed4624a70f99c2e4e4393c0a5246df33c6de065b8744b02d077ae793c9c8d1d511126e', 0),
('GHT2MMgTXHPzPbVzHZE0x1XsRHUh3e', '39c9321b4facc1dac73be5bccec58206f12b763ee90c59142f9baf9e1636a479db1bb9de40c4861cefcd2f2ba78422868000f5ab766e8d21cc0cbabd1ac5ee92', 0),
('gIaocSQvsDBJ7BAfMcnahuoHCSVdmm', '04748d6424378b67ba915b75ee8ee9a1bdfa704f79e007aee0ce026fec8da3dff2c17582e50645126510c0c51bd7c6ba1170775dd5f3633162d25cab8b9e57ec', 0),
('girmany', '6a8116f0149f7b23d468ef490537a27330e325ac60397ecb41e704e3611f898c26b402637a9e1e626e5f6acadc6711d6bf672f8eea6f6fb48e9897b4cd7d8272', 1),
('gKBJ4jmKJRu5n5vUS1qG3FKJJyQjyz', '9ddf5ab70974691fb005f2b9cd38031c12e57641bb4e25895b4d8a31e63f207f375606b942f11621e460973533067755e39a8dc71fd1e02af27965dccf05d215', 0),
('gkKxvHqCg13niKrkn9wjwPaZtpJYrT', '191defec8821c311e817ce5b345e05d72536cc76455171a581939f2eb441799c37d621dbd68d7501194f214ccf1551c3305c9f65c33af1ff4559829eaa95e5e6', 0),
('GMALJzeqG4S4E0Sc2JrZ8sPvJ35wLC', 'e5ce2dfe342757d11fef87767c9c8ca1bb9687aac130554ea80012782a6443cd8ec4657ca01793fba8fef6f1c0ad72fb96b977943cf5256638012ea9f35d715a', 0),
('GMHsBXqDGYLUda4n0gv1BFRsLoXs2w', '601f8ed6107c96a9b03463830cbdf311f649a467ec591d89c5e8cf406332b64d85ee6f13c95a7f17224ee365aa947598067a8e6b8df545a8cc4e52388ea39cd3', 0),
('gNTrgbzgCkcm2GWaoZ0xuFTkUgSCT8', 'ed7ed6112278b466a0f5630983e1a332499c0f410cf0e0dc59d900a2b7778d0df70fa5f7c716dc5e8113ff8c7e031327ff5e7371724b9a60d8eb5823e29fb53e', 0),
('gpqWaCZSrm4HMq5QZu7bsdkOtH29MJ', 'd2f979bd97c09b357805611a4488c1732af4776340f6e6f17f77584e1d6b2d5116f45bc146cf804c418189493372e6be30d6b8ad6b31b8227527b121914a61ba', 0),
('gsIEAmeaSEpvakv2UCK7ifYEijBbNg', 'ab044c333ee95cc82343796c632fac80002b38a0a1ba8bba4292099ad77eb5134f2289da0b92d95f83d75a03295f8688ff43ce4472957ff5558be214e9320a63', 0),
('gUas6baeTY6FxgzTtpbRGPzQujVA2L', 'da630ff478e28ea3bc92f4f4fb3a7412127131aa7a7e5f8479615fbb72dc16e5d661410d2010084e5b3f408e00743ed4d58314677ebcfbf89db13f1ae2e81230', 0),
('gUFjOSgyvmHT08mrnAuNhMcqIB36Kl', '0ff17f2aec2332ffa66b2481c54414ff9dfd39dc3921cf1f942d6ba5ffc75b33004af81bb74fcdeb8655da046512154bf3af091f45f3bd8af60ed59d7a6a3d73', 0),
('gw41fB4edv7UZfk5962tnvUNN1wbvs', 'aab6f97ee6deff3e6f7a3025cfb6f8b6b3e2a75fd3d052fd76fd09e6abc0c5311d93836bd4473eeb071442eb4f2e6fca50a02aca37faaaa959a6142a4bf7673d', 0),
('GXp9Qgjmbqh9IVxk6Aatn450BbMxdZ', 'fac15310cdd0b08fa358c08f516825f56ba4b317e31ef523a3bb8495861cea6d990aaa65377b00d7022d6813f9b0484a5bfd806472241f3a772fc07f658ab920', 0),
('GzLxadUZQKsbHLQ6eRvlBKB7y4b7Rj', '597bc3bba7f77466bddd0dddd8bbbece87ac9a5271172eecd8d7724038d4f1a979d71e98a4f8505465197cfaf1b1438f005dc71e3a9abeac77c9f8a309a77be3', 0),
('h1k3KuRA0ois0CEPUSILZfRKcLZ0Wi', 'cf499ae612cedb6b3f9dc281de631fc608e6073b08496cbdc57d7844fbf1130b79b1fd19c877d890fe8937f0cba18329d3894f60c998b3b07dac17a808897dd1', 0),
('H3WUHyCh9jB2O8MkGQAnqNsbUzsIPs', 'af6365b95ce11c18538a3607d44efc3de6a30469db584c425d417075d928041581eec7fee71cad9a1e7d7e221308f4a224ead5dccc512d1cbd12d3f03317f6b2', 0),
('hEkeJNMZTRfe8SPDO63fm6wWkNmq2U', '3d18d4a5c38d29a228dde798de36edc802aed19e3cdedb1ab57d12e1848903b2c7c46728e3b9712983fe1368925a29f41c1cb5940e94efea5dd6606ff67fadad', 0),
('Hi6es8ioJnrVD5t2D4RizFxxEXraUB', '96f5e8cd552650bb7d452df57fac09287504dcd6cd946c55d9fd303f10e115fb4ade637e48763518bbe17796c4ecca9ce6f54e626720cdcf545696e8885fa801', 0),
('hSTkZ43lCjx5EvwYdWqJmRVjfKWpeu', 'b38d10f3487e5e85dba86701e7e9bb650a8e98805aa17fda1f7d26edca4e1cbff5eab9a59859542d4228a27c5b8cbb03ef8ebe4b1eb83a89e3f8725354afb168', 0),
('hUOJsYFAJMdHXbGrZiKE79ds9WjiPr', 'd924ab6b37302794dcf23ab981669c36d338005ee12e876df521f58bf2e0ef562b8500e9257477f37d67c3b32ec06296176eb74e060d16d6d525a045737002b0', 0),
('HXn78rGRapWpxsGYFwb4ylWabA0SQk', 'cf1f41b415db034231637c4e1882e0742fd103b2b9ade8d467033f285ab4c080a262bc44848752f27c72cbe2729a4bedf6491b1b0cf8af667479383f08628e6d', 0),
('I272zqw2YVl1VuquCB0f5lKIxodbaQ', '7cb339efb553bd7da29f9e356449fc42ecf1c60f796ad9251919f6a69a03efbafd2f46ea0b45cde6e9e05cbf3fd28e950e288f673c50e411320fc1661f78e918', 0),
('i2mXJ1VHEJPSiML3CHJfATa0xvdGyC', '700199cca91aea8f6fd40c336c478cf3579bc8028b505293f7f26550d361f03f03843978a708c0748de1c540cf941be60393e540f135ccb75b0929d57020543e', 0),
('I3ZaMA272LgTgUJPDwDoosDZjDXLge', 'b7d2eef49ed7535bb831364b3ef41de89f90c2e1ab5e1377d841e8f405786a021cfa56f1933373f74a9c0aeacfae678705fb003e5ac0226fa07d3d53e93e82b7', 0),
('I8asKttnQ1lb8cH67OdcQiyDJ87e1n', '48589c6a1e4aafea280d68ca5d19b92b30667c4504fcb19a557f7131cc86d72fb0daf2ec00f1050dcc8eeebc775c7582a1cbbf866d5ec023944a13a50edd0e11', 0),
('iAy3L0El84VAQbbRtO5EBbuS0wY0GK', 'e20df11601f40cd81098ad21971b0415c9737d6b3b78b72d54c5479e3162a1f5548d76750a959b4983ee844ebc812fab5102428cdc904fa8ab84192784458ccd', 0),
('IbpMo1lCA8D1bRXNRgTVN6WgPAZ0dQ', '5ee34efa53e9397651aa57bedb1ac145dd57c0bdefe41e0f78814287b5d2cfa46a5ec5eb826b4914e6b367d238d8aa8bb127f907ff18a730d83461242b4dc3e4', 0),
('IeiOiwEmdo3AuFKKMke1dV8HHUWVSW', '01adde3ed747ec8a3221ced964db53435c167a918dfa2e8a05be4afeb792b18efcc565758b6f2096dc7a71b52485f6f274da8c5fba469508ecb7da8497b00270', 0),
('ieMO6cIFIJeHhIF93iDJ9Pi67Jp3i6', '040c05d43b4e59046d6b2bff3ddae64b8b3fcdc119c89a97e7d5b03d178e94013313723e5a49d2ca6028c05b355475185ee1a6bc35a660ee7b80660e6ecd583d', 0),
('iILsSI7GS8PM6kqOoaogYo1FrTbo7O', '73edb81ff5af470ec8fa714165565f70c543d7165732b91903950b064093b6142e1517ab0dae5897cfd9f2ecde3c3c6233053a961a2cdd24a7468ba5e07afc8f', 0),
('IJXgK0eIwBm2iYyRKB1QOzNIoRk8Nm', '8ca6f950fddb2f3ea71dc74ad999a63ba9d0ca5eb3ef978a61e1f8929cbde01882bfe94aa06ef13e629fc23c6208d9ea86ccbc94e6fa83facc11e54269af4ac1', 0),
('iJxUgtpcVmG5HtrmIpkOcSa09zavBx', 'f8a88e32cc87b4293b2bbdef1adf44dd41dfc2e3abf5823ee1bcb9628f4835b32b1183cc833712e83e44463adf246649101ee0591282d67d48016e58099ee571', 0),
('ik2BkCzOB9pJgIuXe767zZnPYCqk3s', '69e09e2783b01401d4a176172c4daede856cf80dd3bdf52a462629f68a36c7d9b3626e68fb0086be83bae5ddf05cca28279bd2ce58024289b5a2517d9b5e4e46', 0),
('IKuX2Uz3N0BQyI1asQUqeruhFDciz5', 'c143197ca29128e5a02f7fcb59d2aa117c769663dba86eba93d4e17a4840e62cf6147af3f1314916385862e2f5e605649dbcaf479c3a8c9f7adcc1b8ab201c05', 0),
('impIbuZJFvg79KdEnPqkAT3cnYgeTt', '7be6d9e290d8a1cdffa1e9cf862ffda19b1aae7f017bfe5c6e8f50a401f55b29a11b99f12e052ae4f28118fa64dc79a2b64bb5add7d0aa49bfb197b419425dab', 0),
('ioVJ2aJ1iuZR2pX500QCOLtrFtyx3R', '0098e4eb59d6237ad28410b4b208df758942f41acaafe266d246fcb4b09f77dc41ce7cac4cb8b697437a9d2532a85380f08cb3dbb9f8e8eb3862f65995b57533', 0),
('IPFZQUMa2shIpSmz7Yej9Me6km5ZA2', '2acf168be5211eed1caa28ab2436959a93aa07c8e84e87558e7109fba373500bb002a27319d7f750552158bb066e2e7966235edb644fa964a98dc8677965d034', 1),
('ITgXzC6q5ZfBgqzAl2hgGYClmuqolZ', '89f0e1683c7ac8a621b4a1240bf4dd40b1b29fb11405d24005fbb3c67714c51c3062cfdff20e4c126fe13674fd09fbd0d6e4c5904d0d0984d2857151d18cce57', 0),
('iwMTTmwzdmGBz9AaTfeB0h1mkGXNSF', 'f40b518f1ffae43610696cbe0de06b501af98e58cf2ebff2c115f255716c6b61ffbba6b25ff2dbd3db71fcd71631c415a744e82b3066da8b4ed9c243712393fe', 0),
('J2dSgOsmxhqekerDOGKkoOk7YLgu1W', 'b1e95ce25d303467d0ad9f6a53bb323c45d06eab7b80fa56d8b29dacd39c9c27eb22fa26e07e0c7e70c86508ca4ae42078f97f8cb4edaabefa2f468fc996540e', 0),
('J3Wt7Evjg1VZ7IvUOwBkKtlliQZfpj', 'e7306cfbc5b87f65de8e2fd8c8f9b99a87ae600e7908e8ed7848bd374c3d93a56c5c627afa850c643c05eba456d9266e1a08f48da222672ff0cb2ecf7e1fe28e', 0),
('j6IkJGyjM1uEAZ2YspFRQK7CSo2BEL', '8350f47fefce3d7163ac8508d9a3e0fe741cbf85caec655c71237223a7bde5c9bc454ca4ea7eb9ea8633dcc94d9573a3a3bc9a04cbbc2d1db1fc0ffb5036835b', 0),
('jC6oFPrnH8C3OrnWaLppZfdwg6Appy', '434c73d0478e34de93b1a6c956f67242533ed555e771001e7dfe641777b33dec588477986815f1f7fc1531ab7a8099d9fa96fabf47ddbd3d2064c2e5aa245048', 0),
('jCfa2pRODMrguKmB9IgJ0yYfleoks0', 'c584d5aa15dff3fb19e76cccb090296e9e019bdc304e2fbe3c3fa928b204f978e919363bf89b4265a3a412031bb6effe642877cb3957769b3f22e94b7dbb76a3', 0),
('jiA9UXjemvIx2dvdwbRt3OB89clM4m', '4769579c9197c9135f42a5cde11001017e295be753d0fd2e1d373c9ad2d17cf4ec0112c2104fc144f7a5804830af92b83033bcf87d4dc73e480d546cad1e4761', 1),
('jj2TGsy2sLtVAxSe6QWOLaN71Nvyjf', 'c94202dd953837810b28ba559b505520a251530a5097c1b8f89ef6e9e0008a82e856df258f12eeba9ffc2f595457b0438117e59e1d92511c44869852e2207b98', 0),
('jjmYUMWdGDQhLN0ucP2BekPVTuYLPf', '9eff97a5399dcb8a8658db67defb14231e08e0276772235523e3c349a3244e93b322f4dc68e286e248c65a8963665c9fc482f4b501989ecaab4fec927cfd62d2', 0),
('Jok8DF4dvFAYNE0V4o1fwAQYHzY3ps', '78880190687f6ac5e314453867ef890bd4d0a15b60860d55c6714b9bd4c4bd6e5a921193da6c3ac59ccac700c304e386115d15f5d775a3bd7e1d3272122a69b7', 0),
('JrxOAwoC90bumnv8UsNcDJP4tyzM8P', 'bcb7da215dec1a6df2c2c0a31050cced477b9330b78ef81325d40f971abaf8562078a75724f75c94aa32c60ca81c5d91236b6ef08850dcbbd38ca10c2a07b04d', 0),
('JsgSmn33Qu4WT2GLv8YO8H3Q6hRanR', 'd034e8cd67f7d777643ecdf2fc648291b3f5cfc0c2d1728228acd7dd86c0d5b0c8777c07a0ed7b7fdf1ff64087654a743e6136cbbdfd230f9b47101125fa78ad', 0),
('jSMTOFstUaSBbrutIoUwfAbqn105pG', '710bdee6a25c299fb70aed6bf96299af5be121fda5fd70c8745a2143d202d2fa13916f42a47fe2e006395d474d262bf8d2e3965a3f71d881fc45d1e43856bcfd', 0),
('JwxyUHgTOiXNlgLQX6c2bqvFcJ9ASS', '96087eb086b6cb1ed498cdad7e2b666f500885bb290c090d3b9896b258b36b139af3d1d5144ecb534301d01b4ecaa787b403f3394aef7b7f5963b4b43de302a8', 0),
('jxJO3RJxbc2XOtq2LpkTJJ0N9nPWG1', '6bce1843375f58161cfc2081c98e2cc6c16f4bc1fa9097bca0f42e15ab926839a9ccc61000d01299c0858547d0e80c3476f734691b4d7da7c3c919fc06a2b04f', 0),
('JXljJEuWi2ziWGP5AZL4GEngGG6szv', '734af0fc591b803739d0bc06efb2753bb173109639158c77fd713d6902fa38566ef0946c879b02f3dfd9bf326cb0cf44342edfd591deddf39526dd9ded3ec9a3', 0),
('JyqTzMLGhc7jXLErhYCaZJhHsMVu7C', '62f445807bf51485dc3df551bf9f8b7ac651e915b12f51234bc95b53f7e463233b410bbbb990c5cf5b07532c0a908bd995efd0223e92ec62ffad5e34485e3b46', 0),
('k4aUKJFj8s7R7L2JI3ptau7Xg9qbai', '89ebd13115e3d5161e49a9e08fa2dd081248277ecc444d8e0336bd2473394973701e870da4c62e539a8f38f4eeae5cbbabbce1b5bf4d11ec66cb777669cd0f53', 0),
('K4RjD7BDUjlrFyr7RP6gR4QCKrH9ro', '31b2d1852a55c0c2844193d781c8d1eed6e80096f7e7930750917cdbadf44baf8c3b5a9933abae578f4b803d272ecb25179890659925cb7b7d06436221866567', 0),
('K5HSRAmazXM8ngDXHxwQmUN5eOaCgs', '211f60f2f84aef2142f04945c960c3ec1ae4ed2407126e394ad0a1c7aed6e99ffef9b1882f0bead556753a5ec459710f85123926085c45ce12cb51b7a5ea3adc', 0),
('kA3xjfxSoQZMfLvuOaxWwLDVVz67m0', 'a3790849affabb55cab565c19d43fb86c71a9d4490e7a74a13e0cab67d2f87919df850e614828b190e4ba8b16901033d4d98b22b516ebd2bf19cd324e40b1959', 0),
('keePNUbi7DUV61aaQCjeX5qFpRjk4y', 'e5473c781e74a36094652b463df6a5073106534692e6f294ab65b0cd734aad222ff5a827dc6708324685c252c4db87d82d772f6638663ecb4f2cf4ce6b40fe56', 0),
('khpr6ilt6e6WkHGwsAlQVgeL09WRbH', '2ba1fb367a8f42da8603e95248347df37c29708aefadb94cb6a34d8ffd1c25d7dfb0528655513316af20054b2c662f53a0691b8fcdec62c204de17b837d2e5e4', 0),
('kiGf4FXmIXUZTo2St4QTbIfHX33vjl', '3828346ad47c165e6efcea89df743f0171fb355b46b7c65dceb2d72a5047d2e065f36d0cdfbb4afe740fd7c3fc791f8c31990e7fd09fad4145171f88e1d8d571', 0),
('KIyNguFo928XLnl1OkqpsVKedFao40', 'd08d949400a5e95e12ee4f3532aa1399889146b821740d27af57823c3f3b8e5f7b2286c985a7dfbdb22cb0193541866cb3f74e77b90b93a63ce091f36d54210d', 0),
('kj1RkXzoTzPAefpLoV84UkkFEWa6Ha', 'a391148c6ae3a1e7ca8421d7f1421c97354218853fb6d58384ad7325b8ad95869140aeeb97ff09dfccc17df98b73d32d49c6bc387bfca5b13f8863887b831e30', 0),
('kKLbQCIjqCsMRsEw7ZdHmcdSEdO6fh', '2a25a36bdf4689eaa26020b2c4241f486c0f14dc37da51ec2f2bc62b6685e7b5d8896eeb36b11e1a056df2b3ea713fb5a0e05dc763ca418fd3af4c1f1f5431a3', 0),
('klbDy5oIEuYkeYUrgsbdUkN0fN2IZH', '8317df726e546509265c00992b9c85b2bc3667ffd1642890ff2c29928b8fc7ae35607a9b8d182dd15ad2ffd814718170b634e54e14267782787353cdf16ac2bd', 0),
('kNWM1k12T0oPZPJUGo3TuX1pVV2P3a', '452029ca35ce97fbf08545fdf2f5fa57efa1540d34604a2b15ee9119e29e35656323ac30783ea4f6b33785f254faef6adbd9074b96b24f3a8fc7f2d63ac25568', 0),
('KO5euk5425cDPsFWW8aSxaxJh87HMn', '26958dbdb20af564b4cf94341e6b771996c39429be0eec0f149ea6bb2bfa0d965730bcc17849ab63606f8921766e1852205fe2bedda0b936fcdd57609282ac76', 0),
('KP12bCwIcQKiNZzwLQc8W67I74ErAA', 'c09bd4f83329152769042e99678102530211bbbb3a5e8ce6a333f94bc8ca63fc121cfaab38266aad08b7dd1bb6109ab82aa881537ab5a41d56999d0ec5c8ff3a', 0),
('KUTRvJZyQPlvpG0tewhWhOTLqaIKGB', '2643fe9f5a0544b705fa07bcda07e61bbb49d43af6735625bfae11ed71f2cc9fad2865190c4b2b263bb230e38200f6e3a32e9133c665334cd959082decf9b7c8', 0),
('KVyOTXaoz6xSkDpsZXu5C4n5hmDaOT', '2de7ba7d31cc482c931a36f3b84b46b856821f2cf77d181b26d6bde239c70cae178796cf6ecf0a82cfdca0456b2f59c95e5d40001401f203adb97ca24fe3dfb8', 0),
('kW5dAlOFNMEt1FIQvDUiZVR2tqqrkU', '2775f6d5c57df4037c1c94e8dd0f6d7f4963aac33b63220e6aafc52de17f55ebc066726fa825343d213df365229e0ee51eb9b4b66d05e5649535587b005058fa', 0),
('KxgG6WWh8wmg6s5qRDdt5VlSk2frYa', '774e27781a28fd23f38e675fa29aeef6d32407b33fa6fb47556c7a8d40aa26d1c38423e10ad593e088167bffb242316a1cdb3ff4b67bd70970f670553fd29edd', 0),
('L65gECNiIenEwNXT7EKkU7AmtOWklv', '48d7fe388327f0afc5df45088408ef0b0db21530a2a89ed448b39320a7f360f1972e2c91ecd7f7e0e55a307e88d0eff576397c21d119e303d3746d6cd942e193', 0),
('lCwcKCaryxTHQOwxJ3ku510UfoR9Ca', 'ab23a35b39c842bbd8198553afbe03a1b59b91f19ed60bafc4ff4c5179b1a974729f11b9bd1e1f75aec69185d5c4f14c3f99339765ae2636fbb896a2ad925279', 0),
('liv6qjrTsqZdNuSPrfhWh8n2obgL3t', 'b9a4a3e2bfad871561bec99934250bf17c01c22fc4373527b6d9d26b098569b800c1daeae8ee9db90f6df49a18ecad163cd241f5f9e685de2cc51232f6c4b055', 0),
('lkBKxQlofe0xpaLwDblhXPQ4TozE4V', '44aac800fc33a65b6a2fd8dd43281d7c8019dbad7a5a5463a170b305b6b5a3f793adf94692807c96ea54bb30adaec1ca1a73161e26515faebbc94e8188840daf', 0),
('LkOZdXEQYZJ5b6yfMW34bOGmDcGqWA', 'db98a933f27cbaad6da5589dcbaabfcf0126e6e6fbe149093d9698f17b7b6f5ebf3fc448dadb74a722d4ef21a3cf1b242898430a2a86da6e6d3835db6e49019c', 0),
('lLcUHM1x1e2jGQIKAxrgxd8P6b0Gcu', 'ec6b532ce7ce0d5e41b27d84c1ad83e0f668dd7746570d45f7d38bc6ffa8409f57c1525baa1c086982e1c77dce4d864420a219fb0dd542001339cc2b5fb233fb', 1),
('LpNrkrzhuNMyuiMXv1QYETH5q1qJOH', '016fc9fce2a0f0fe277cb42cdbc6a6c6f4e661043d0b2ab962f8dadfa04e985ae90ba1ec9b8d5b7d898a953dcd7112d5e15f24dc808743daa90f73bbd6aac371', 0),
('lQmlYyEtpKpB92vkfwYc3uP4T5aEt4', 'a43319141145aa449c1610f933b3ddc1d49e5fb54d5971a0c4b804f7f87c5f0fac77b64b66de9d35984a31b82cfcc189da675682c08cfab18d9a47d78d699b83', 0),
('LSGvsYgXzn3p6OZQCfvqtlzr3pa1aq', '0e28cbe58fc6286ff5142f818f2b41a5d283b7c93aa6de9be3f15bbbb8507388680417c926498c4c511ae4dca8fc0943323f7b230d5ae97a9abfeb448bc25aff', 0),
('LtEMN0gaWozdywNcHGDs0B9d4U1ng4', 'ebfb4daa578ef23b2e39457f81dd2fc3faa15daf18fac0655168ca93109f84f29b739e29a7043d358eb3e3b619c492383a5910b7a8597f4cbe9fd6f0da61fa2c', 0),
('LyIW7iAERAn1fadEev8fHUlVsIPdyy', 'eb781da6fc9182de761de3d4864560f23abf9b35c93665410fa39ec3b64014b1b3fef5773a423aa692d751116973229f13bba50ffbb7a4bd8ff946d2b8203c2c', 0),
('mA7OMFkJ5dq9saz9SRsSIyYmoqmb0E', '428d87d153eb4fbff6b62abf587de415a7c08bee0bf711ac41c1085911b7118ff8a7f488076991c01ff255dad1928a40e0a1a6c573fa37d254f7fefe1592a778', 0);
INSERT INTO `player_login` (`username`, `password`, `is_admin`) VALUES
('MbreVaasGiMMr0YWjPT3K1rlErDeKM', '0ee7fb638da2b2185469550ac9010976dd12a4139f7041d7801eec75c7ebddf0bf8c4e1d6eade4c3097b6a37dc500fdbf39e7f99a53041ebc435164ff1cba293', 0),
('meefFiCoAjmlTiKNQRds1lxOxcIl8A', '32d26d41dd87e306555cc13594417d5c7a0bc0a6fbb574117e0d3d67968497f1a8aeba990c668b2beed30b2eb18edd04bee6cb9c3c97dcb76796cc6074b96070', 0),
('MF9wl2qNSCaxB89jHiLNgngjW6apT0', '0e45ec4c868d7aaa933f95f8823a7d0086058522c11aee4ebbea3d4c09d14bf88617df9a72320b927ec596eccbeb7e9645000d86a407e546637102e1c6ff39e4', 0),
('mgfSSrAK2Mux6VLdaOvtTD1hrlynVD', 'b66cc90aad22788909075af0f3bcb5cb99dddb2232d3929f58770dce1b9133a1f264e4528641c70407777737f69d2357b0d459ee5d9d19864efacb2a30edf3dc', 0),
('Migtl8hSpTUmE5WZbhVMf38h4cXMv2', 'd2f71094ac9730efdab4d4d4fdba684b4776ce15b4aca990795ebe8db4e8891e22e2e2b0e951beacc1436f1a8c3f2c9893f59e6559ac481cce79dceee46bc667', 0),
('Mij7cIrfObOk2rrW148sMouCgzEId4', '26acea2f1534b8a43788bbc5425db47181842043de6784a999888243d0968b2d27e44186da7292157cd15fe3e9bd22faf2ce4b8621ac27cd2b46b635afd3ae0e', 0),
('mJSzH7BBZJbHdr3xbrYdMqvFi1eFS1', '91a13895c84bd37d05d4d85ee77a4974145e2de20357846b25a75fb228a66aa06f0f418aa39ac0a033959477420137ef45a8340b21b08020ae793aa4d6ee36cd', 0),
('MLfJ91Y1gq1nOXZaf8vpPMpFV38oE3', '9578650c795e5fa0030e810762d34c6a619918066df6f2e120bf3bc50a42e245f10b45dfed9573a13d0e26c944e5ace6205c0e92a1b52fa2ab10d21d13d9f62e', 0),
('MlPQS96dHfUZZcsG3SRywomxrweHt1', '41c096778a929f4e08bb920c9d8f211990d31b04e1fe749dd89d629b1db34fb75ce775143581a473f0e4537f86c1ea58641d7a8cffad053066f4d9fa6c34c8ed', 0),
('MvmGoXuq04dR2MPGnwPN5WRU0X3TtN', 'fa1bcb667127e5db233050ab036c4d8779c7b6c1c8cf49b43bb179286b8ee98339f8a189e0c9ccdc64da288e47cf597cad9f17c7dec47b5d3e945d31bf83eb1d', 0),
('mxTEraWEpZeNchGWsgbz5e7U9Uns9J', 'a6b877097a3103e808c170248a82762575457f15909396767f9ed93fbbc04204c35a128c15087244b0d2c26f27406b35679770f7af9f201a244233de18aa15b4', 0),
('mYKmH0GmuCQHXcovGLV9nc4xQxYTm5', '509be920a28c21e4bc46dae57b55e8949c8ebd2245c4a8ea99d8684249041eab2b8291fa9e0524419fe96046624dd41ca52656a044a0f0e3aa443f55a21f2b27', 0),
('Myt6HJcN8dYQt9ySbkQ0RR1aq9rELr', 'ba7de78b2161b8fa8f3aa80ced6073cee7548059840f2cdf1198dbd8c401b524a53226da43b44e705c2326a5685e3ebbab5ab99b9a59686852b6f7804f675c74', 0),
('mzxulvJCdkv5eBSsIQsEVV4QhiC42n', '9d06fb79951a991264c3cb348cb8e815280b178f26eb8edd0f7cde34185e48f2bc499dec59d33252d03228002d7a9cc72b2648becefb86e00fea71df263e3711', 0),
('n151N7kBE4vZTEbF4q6s7hmwN34hMf', '1edce1d931df80c53883a3b1c78d668f1c86c4a83126ba6e9141d630dba792194ee5168b0d1cdcfe81e6ebbdf71a471f47375d4d73c8ecbcddd9fd1ce1d6b090', 0),
('N63tKgWc57HKxD61efTvWxHHg1FN8n', 'de068ff71c7ed011db8ac3d13ba04d2334459be50b18f19660cf0db017e454daf3c9a6150aa3fc6f043bf3c20931c249df6074fe02cb32066ede4e661f9c2ca9', 0),
('NcgHMC9a3UCCCGO8Uy8iBC0Bb5tJM2', '5900391385264fee3686f74bdade3e4454e3194ecb9302273ca5ec285d74e4ea49aa37cd18cec22ad64f3e21dc3bda404f7dbce16130edd4f3071125800d0b19', 0),
('NEXQak9UUzoySTzP6zKUOobOlfUqht', '66857a9a01b19a5e95625d14e604c5725292a1cef9392680da94c2955cceb33df716835d9695c734727f55eaf7aa17122e4ceb852c6126768ed0b160775a9796', 0),
('nGnUNzHsQJ6UaW00WYCtVOWiFk0Y7W', '95bebef28392d0252f270b9b67b168a186f9c1089ccd2d462136db4a62b2738d4e1675d508e9f7d131b687997e70354cad3727389744f6393b2dce46d1f0104e', 0),
('NHUTY1Hr70kPg7HhV1zrbRnnq5TH7x', 'fd37c425b72bb5bae78fd6fc3829f3c2fc023ee34cc21371f285d59185c566e7a9ce56241b79c557b313d8880d79d96fdbe2db5b40eff10d5ce498cb5085a300', 0),
('nX3QaM3yh8QbrVVEu5yZBXE6MizQqo', '9d5c19cb41c5b3eaf05bcdae5f6048cf0814fbdded9d712f222825c51169c53aa9e03cebcbefc09e7dc97e9a85a95844480b1289e84fc7ede5dbe2ae357fb4ed', 0),
('o21n7jjNRNT65YMqNpFjNQfv5Yxcqn', '1c6d00696c5eb6753d7e4324aef68ce56386685eb49a6a02f8b8b7de0b8ef7ac2ee860341a2d1af17a01406a7781c4a9d3dc2b79cc7f1e0ab77501f4b9728a49', 0),
('OBKB691GzVzbUVzmcLfKYtRV6TA9Hn', '3050484257a0e858ffa7d74d9215453fcea81f7c201fa4345dc85b58a8587837de4fc38de0d498e674fa029fe9230b1026dd124db3d7423231ba0d435a76cb85', 0),
('OcXwGB9cbEKzqmtFWcGsqnMworPKVC', 'af2574e18931ba34b4273145e14668d076c595bae02f97b75883b1cafaf82b4b14159ac3b19d0f9406690e519f7d0b347f82d1ed9c348fc7111dfce120da8f64', 0),
('OcXydtYRxJjyUELXszXX6jiWY4rD14', '65f6bb003e3e574eb951a28e446192c900a5efe5a8dfaf8b3b048378f06c3f3c9c3197e7a603f9f66dd852be7486163ac619b50808bdf51091bcbb230b751c06', 0),
('OfUQfB5ImDu6Qs2mOGxEJOs8CmxxRc', 'cd94326ddb9bac28f85afab850542ea32143538179e5ca3773e242e88b43ea79eea8aa4a68429a817ae17763deccc5c7e0bfc58aafd5e12f4212e66374a36e57', 0),
('oGik5ED6qbobgKoNnXFSwdGRfHWODJ', '6fa79a09af9a830281ef7492dcdd92f062796a237d32d8860a18d99e611b4576461fa5e26938648e413f0f87f6536ecb380762e31ce4f1e96960c67908090221', 0),
('OIFsKmKZ9e3njwptXmLZI4ETIFdmlB', 'e1baac2037e5a04678921479941c2d244a072d8c398be9f2335737f7e333be32df3f5c1e702051d76a6bc03c8502ee5359acd95820febdc9ae27983ad13ff685', 0),
('oOyI7gMsvcFYFyo5RIixJ8Q0REW6Xc', '5e4e97b8eb42e8dd93e6ff9364e1a5e7379556f67a9737d5b2426d8f200d2edfcc9b267854c30ec2b768fae02bb3986fe1eefaa8068fec5b81e6e59fcf0281ba', 0),
('op0pnG98j8Ew08uGDFG0qhWdJSvP6P', 'd539a4927ebdf939e137d23f4f17098794dc4a603a3bea3f616ca9734f05df4e4d9d3f26148b5bb2b369edd06511229b8fed492c9738282db7bf12cc21a651b0', 0),
('OPbKE9LshB9Xz5Ta8bT7K9dfRcRUPz', '46068bb5ba9aff83e586d1a0636eadb83625961974703cf0c6894551caecda224d6de812318b908017ab9c8d38139a0aa50dbc4ee8fbdf1483fede00b3ffdead', 0),
('OPCe78NkcOqSPD7CEpnV6Sv0Rt4wSL', '2d1d625e010b656a79e8962c7e8ed18190de7bf9f17aa43af2e5ecab2c3c3f97bddecb2bd5582fd8bc35a24437e6d8250ad3d051e8e1d20d4e1cbbeffef46c66', 0),
('OPntPviCKDVjzwoyC4RUUCdsMXGXe1', '62c6c34ec53e6af50fff5b4658fedd3acce324cff957b9076d8a6d6f23ef29e6402cb00a9fa44c20798df8dfb68201635cb240cb2aa3829c96557093f07c395f', 0),
('OqxwReSICfFyDTsadhg7ztXxB1ajsw', '859f707030713a9bd2dd829a7b7c3024f4f23a1741a2df2008afb9da9f588b0ae6d883a18a21bc94609e1935ea887df97bbe6f4ab02edffb2898bc8792eea58c', 0),
('oqzqvPGNr96FneapqAtH9q6cbDRd1a', '3e87e5fa0eb198723349770a37ffa95dc6c5657b52209a53859d0f34aac41ce44f4ba068b6dcd662f9831803d506bc0a9b93ad4135cf4b224e943ece56ccc4d2', 0),
('Ot6RPkJIxJOKeSmT35vTi1V1tCM2l6', 'a1bc4717fc89eed566752ff734b71d1ae9edd0e54c49c4827b88054324b3a12b60058b7111366f95d9f76624aee73eeaa9a1421ba72e3cb3e39d00ee198c786f', 0),
('ouQUydWf3EtjbNw2pMbuuO426TG33N', '8e23fae2a59062f8e2d976dd219b3380430027fc02c4aabb33a2b9414ae1aa613345c78032ee38c368b0a9f1b2989ece7f5c7bd814c1201929c4f611b5f65fef', 0),
('OuXJfgcaJxTQiJXHIF4GkMcmzmI8yb', 'aeb5f87af28fa2e43c4ac4ca13e21b3a3754ace32e089db1bd790866b9f92093d48d041e7561da2a5794ae2c5dcff70d63082995dbdd206f490e8c4c8ac0ea12', 0),
('OVv9qC3902t6L492uztjufwTuEDFQU', 'a5344eee757351178bb612f19734516e73c82e3af17b463f5fc5abfb5545c5bfc34368206fd4e19fd14242a7746b473f9d14f3ec6ee1d27e1643976606679d99', 0),
('oWeYfbHiZk5a3E3kEDx5z3thedTqWu', '5d48b5dda0f4069ed81e1e687c45e64911f3513b29378b230fc3517dc6d99cdf79874eb6101940fcaa1f232702909cc6e2d197695fb2cfed9e18e8dc7f1100bb', 0),
('oXWOPlhw8HSJO6ONBCuEWRWVO814zQ', 'df98554e500341c476ef7c69ec4f0931cf51f49b4acc95bdd8ef470b9b19f137968fa4059dcb1cf1f20b8fa2b2a729fa4bb9bd4938bd307d1def91ca8ef9266a', 0),
('OYK9b6Au74HYXWbNjLp8EDNO9Ex9jT', 'cc4bb14373d515594d7d6d702fde1f895ab699e17567982656840e753594c54eada586b66043ad38eeb29fc2ec6c7705c34633b7b3dae758aa90a2db9d633ce7', 0),
('P988PGDCS2vsf8ip4CYtdcePBcA3b5', '79a9c63b98c423f092977b8249ff9005f9fe1982d5cae143369f3e9b33eab8051ce99572bef0b72d8fb3c2a15869499731096c51e624b7dbf129ec98bff3fc8e', 0),
('P99RGbd1VqHSKHIvfBJsoNyN3x9Qj9', 'b048d85c4a8422a1386495d2d662d64b6414556097ea962c98d0afbdef5cea8e55086892d8ada5b475e7ff901aace169c4e77f9e8e39a1769ef29e08f8b193ad', 0),
('pbGrCKSYFXb7vytEGMS8PcrroxDlQB', 'b34891f8fc18907292c2147074a537866cdc5b4a42df60e37694f15cb893ff583b89f51336a73d93528698ed55a36e83d40425cd190789089d10bfec7450e475', 0),
('pbNTt10kAuYitFNM6nJ08N0J5x8UZ7', '58abf8bc9619219b6b62699778f3c9f7f0ba868bc07935ce11bc49f0d76e3fd9965faf072f8f8956a72e1836ccc2c19b4e7e91e10a4f016cd9b334811ff5211f', 0),
('PjsxcY8OPriTOMOby6txdFqk7MZUE5', '963ba668da2d67475203c99918fa6d0f736cb6d584618ca2a30161d424b7a6c5572190cd87b9278e2ed4957574138c7f8dad516c613e92daaf1c97486ec6723a', 0),
('pL2mtpkRAwN08Z409DTFWaOzpM98hM', '7e6fc3434073e49aeefaecad11ff194230329ec31cc5f079356e075b2d5aec705493e70878ad85868082c99ecb0c15f4bb20a238a82099b98bbe23e8f10cfef2', 0),
('Pp6J91FpMHfIy4ngXWbQlg3pZ0AImg', '6932f932ac54830ff2b01025f28c850ba22db46da310a5bd56da6481b22614e9dfc9e2b3fca88e309def3137552bca4eca9e155407bcd8ee4b378e20c8e916ed', 0),
('pqI0CkWwOtkexEu7GPvlaXC3wfWKLC', '9eae771b29506f8262f6c67c2173a51a3adf110a14d8a2bf50b846c131982904c5aae0bbb151358e6b350eb7c8c90cb51acac0a3d57ebc8a3b98a46232c9f99e', 0),
('pQINyVryhX4PklZiIuLfm1alH0Y8f3', '7dae14f964a51c32d850da0b792ef4cd5ecc02925fafb34c4b3a50c36493ba57f236747a3c12b9fe6f875009c24bc350cf7bfeb89ca3374ef37e00fb65e915de', 0),
('pSldCbmlQg6G5NPxduxooHHd6RDxuQ', 'b31ac9d28e33bee79a5db811e8a78e61331bed932c56dcad8fe77d4410dba04090ae6001bf430e0e1d177a62d11270676e8c90f8422585be08b43ef34065842b', 0),
('Pt27P0Xi0O0CfHbp406P2eiDO5zuKz', 'a4e45d4cdfb8248ff84ad83009111ba62d9a8f30feabb3e3ec906c4b94ebd9f201c1e634c217052191b0e5894b5e517d463e200496b847573defc379da239f57', 0),
('PuaTVTJnWH8KTnQYOK5XuzV3oeORT4', '33a23edc562887cacd00d73108ca0980ad6fb25b6d9b38d23a9ea6c93b6249f952cdda82c46167919017b1740b9393d7f13699a9c99e928400cd08f1aca215ca', 0),
('PwEvT90RkgHpG4X0tdDjTquCpyV3bs', 'b9d470b9e7755efdbea4c992c908f44a968f5d4909a774f6f5ed5374ed90fe51ce68b4650ed5aa9a0a61c395da55dabc1fdf65ceb6cb7629af5fc9a923f4849e', 0),
('PwFfcK2c6h4RSWhaNJeOItF8bONHPY', '52a80cf7b0e350bf0470983b5b5fe161126b616dd8792a6e65f8ba31aa59e54ce058b85ca0c4975169be7ae8ef7b2c4a45a73920d585b7f79a11e9c08e21edbb', 0),
('PwNntiGSFPmYNC8YAv4WIiOMMfYrAB', 'e66609e0aac69e571d2d43974b58bf31f93a9c044139891ac5432566ee04fa0d6ece8f4c71aa04083be07898cdbbcd55cc585cb4f57ad2e4babbf8d54f751337', 0),
('pxefc7351SCy9ykDXL0yKII5ZMLX31', '763de0af38691bae8950df537c3178e729bc4be0e58e74fc8eaa3e4d4b38a51a717b3121b9d75a23af2af37a3a83e02695e8f47b26e6f81d40ec47237cda83ba', 0),
('pYxwBff9aLBK0l4AfNjaPan8bfkSRR', 'a7f61894221191a04a60765c70d4b55a44579124ef368c4d397375958e45a6c864d7f1fb51b6398e0c3f15ca496169ef1abf1cbda0da763feaeabbd6e9abbc27', 0),
('pZ878rA9IIlzu3LgZr9dRHZaZ9oiQr', '2fc347deae03389deea7f0b8f9c17df3a16d1c9768994f7e6880b999fc5d151fb8fde35f04addabb42e6044f888dbf56045d5bd350acdc449dcdc40e59cdc132', 0),
('PzDNxL4jGZXRIswbxzrB6iiwu6dvCy', '462dfb7030dccc9209b4e0b6b3dd680bcaf72d34cd95de258d1332c323a5d31ce620079fc0a15ea194070863b7f7f6886c53217f419acf129ad9d7e9e32310a8', 0),
('q0UubpkWRsEQ7M7iT0wMSN7AowkySE', '8a7996981a1ce01f0ee2dbb52dfed7a48d2a7d15dc023c1075ccb463a0689de1a314ee67304660a299a5aeafdf935ae3648a8b39e4517affe8b3a22d6b2c4690', 0),
('Q6trXOuL1643cHWvU4pWUjoH9911sQ', '2805a0a97fb8de66f06d335ef8a86c181df29e66e8a9851e02fc4ce0a033e684b6ef2767a51decbaeffa148055a053ddb93eea23e6443ce3100624fb876b446a', 0),
('QcUW9FGL2imAi1kv2XL2mXwP9Xk4st', '703446f8d7d89e7bbc93bfbccc993c452b83b9bd4c2de865f5c1b7c2f3e1389103dce40e2e79c1ec085210fc43a71de0f9ab30445763dcba1f6365e1b565d388', 0),
('QJBVBhkw1QHFtfu3rDQc3hqezFSfuN', 'd37b7b6c725188fd2d11a94ed4c5a47706f0aedbb89b89a13a207ee9c6cf29581ad876ae5b193835e409df6d5b0d6f77cc762ff320a581044300facfc1dec27b', 0),
('qk9UOmRvcPGttN0lNBwi5a1JjLCgzo', 'd21c3626179b67873f086d92ec2d810dce12a0baf7ffe39b7398234a0832f704bc3a05058e65c1001e6b019d903219d809563da5ebcfe630dcec2639a221ddd8', 0),
('qm7JEHjrdkXZxLXl8An0dsMsJyjTgn', 'b3acc4d664cac6c8cffb4fab2a06767494834b5b43cb97657f5302998ee9f5c35d1af5ea129371f2f9a3c80806a39aa540d68db6f6d00b72cee9d6ffa940674c', 0),
('qMdKO5Z992WapMEA0GJuwR4jP3RmE9', '875c9a7b7e9d8c794f119a230fbb9ff0e646fc824e7593dbfb07b2e89c8ea36b8842328fb1daca50a00befdda8f936e1750065f0bfb67b388e492f4433d9d96c', 0),
('QQWNvfjn8O5brNiy2xMlBVJ9DR9nMS', '4e5cc237731a40b66e714e432a39357a6ea4300169d60b63620c5e04444e0ed2309a43074bb48eec9a8922f7dbdda3423cd037cc9ddfb4d6366a147f6ee347ad', 0),
('QsS9NGK8CyaWmNopyXbQonfBWipmQO', '39fa936d3b32d58aaf1deb978f07544df378294e3054b702cbafdc2dabf9cca4808dd2bd420875be9b972413cd1a25483b7a6b16c4617dfb2ad700bd59a22fa7', 0),
('qU0wfw4qYDbNJtD4qn9ujQub8T6s54', '8070c848db4b4f9866591acdbb6cdb47ee48ebf2d0ac4d8e81e095db0fe6390feaecfcd2c7048a4ea82a9c7c6bc16a562af52153d0465c498267d24df68b80d6', 0),
('Qw9ewHJV0WiDaAZj1I7X0BYNyKwr7i', '866194d681a2a544d88c47aa01b86ba6585fbbbf6ef8b12b769c1e8c9d0f96ff40015a4d1863c53f3f51e4239d5d75db6b791f5ac35a04063c6bd50446028d4a', 0),
('r6OIRIEv6gDgxABtr42eYGBJ5kpf0G', '8f3f14acee90896de45af6575c534ee75f5d0cda627ad5315c3c419b37b6e0a37ee49627ca57a7f7aa9ef6116c27d3965c3fbdcf7ffef7caece9ec22106f42e7', 0),
('RanDf5HMOSy4zIspphRSLnXKVEW5qd', '75c02df7b6b93e9e2b405a784a1b17407644d95e10b9ad13c1fe9934de772fd4dd52368ce06f9e5de0f3fbe1151956049a0c1dc660923c0e427fcabfb96346e1', 0),
('rcdaQ4bqgbpB5TWPnrAWzgiOUm2Icb', 'e69700a123988ec11a36ee5458d0e6d2adc7b3b3f67ceb2e5bc1f43578e3246c42f161e15ef3af92d90f6a482b4a7fe21aac90115bdb722a005a058c3a5ccab9', 0),
('rCrXEYRN1rjAOwzOea4bpGIhAQlUHp', 'f952cd774f5e2e2701f77d79d3d84378073107742f0f782b353ac896ddf5f43189846e2d12d6f939178bc17f8e7271ad569d4d453ae557a3534f409e7ef520c3', 0),
('rDUTai33CtlkHEesSs7c77pB3VgDe8', '2a3023fcbffb1f04fc64e5592cd3318d565ddea610c730ada1109485c3aef098bb2461f4f04aa9c3e40e2da9fd8a190221446f3dc742fdbf1f0b1a94e6aa4c5f', 0),
('rDz8H6cKYga5aQ0GL2TEaliRuFWbrC', '272a0de64abfbaeb83f3b4beb4b0835ca997008579ac5138048647941487c46db2eb50f15457f01acf126e4bbd83adf31adea478a6b70ecff59ab6bbe404d4b2', 0),
('RgmlPzgQz7dbnLlszMMh26ohpgelMD', '2b6f03ea897e8ffe7f62b8b719c4c300e8955f72dfe96a8818c12526ce75b7d89351536084e77df446ba49e3a8384db92a0b52b72aeb6c433b141524069424d4', 0),
('RiyeCTC33YHwv7PRc2tbYsq2b1Gn7r', '2957b9327a7f72784d221a3bd899842a2e66fa4bdc471d97c3e310bda20cb453fd26423db69e898dc8dd2c5ab60744d099819a0ae43ba938becbb9ebf810b413', 0),
('rLO15tFjRpQhsEBX66h5u9shjelPPx', 'aa545ccd39dd4abd3bcaa542873230f42f628d6daaaac2d154590056ece498be9d8462de8a12d5d9cd3a8144975cf3c39942e44784fdedccf047d4ca1d460b5d', 0),
('rLPhD3vqoiT7LgmecO5CdrZIZDZ85x', '9f008f4f707008750a769a6491f07d8e036de687c53f36374624b0cd17d0702ce29b856087435983050d6841362d7b262d48e9dcb825645691b1fb955b15e40f', 0),
('rMTWJ9U6EufsfFW5grcn0Vcwu0Vm1i', '8e1273c6bae61616d58d05295fe736defa8b69bd510e4def0d1bd455be79ab0b3ee585f266aa07a231d57cfb16a486aea35cb979afeff11ff7b1bfdfbc893c90', 0),
('rPU7e3ORvqCSUGSDRGe19ht6gnNPPL', 'f1c8abd8ed6075220bdff96c0608384059e4bced177573b8c0ebcda478cf5de15ca9af33b37446e164645e178328a592f0b2775d7784c5c9b395a419ea21fb2a', 0),
('rrfCnjT9cIs7onIvTT8s4pubJTfOyy', '249de4eae016d88b68a260fb681c9f2131ecef8650a6fdad6bd643bddf52d4d871dec083539ab463de6724f3b88fc24756915f963fa42b8f8f5b7a6989258f83', 0),
('rsKK15R55rHMcBJtBvs2qBWKwPIrMf', '13f45d7813b563039a120457425d0cdc927b13eb580986c2a3e970fd7fb290e155404455be9a56d1ea85fdc099ed9b61cf541f84abe25e0328d6f3f72643efc1', 0),
('rT1DJvbMQxxU7Y0wwIQNjDz7yj2P57', 'cde9cb3ee6db77f0dbb57fd609fdeec71dd3cdfbc0588ef97e61d279e62638e4a9a18c04e6b4801fe356d517b7a8e4e7d461b7c2a9e08c8d1339c6737adbd4fb', 0),
('RwRpUvznw5VoG6MHTUskTPN6OZUnvR', '3ebe6886e032ac0d4cd5f4d943b51b8fbf42e64b4db57ed5176304d83c9a708e1da927c53c1d2c28d08c78b651df660b3f27c248467ce3ec655355c4617bce48', 0),
('RXQAI9bP7cKMU6ESkz3g64byJOFi6Q', '69f5ef87dfff6192a0ec426d190642bb9c80f99a14240b5aaf25e4c140765b130b9a6115f4f441d07c3480bbe4791179668b53113578eb3dca3a0245415d4065', 0),
('ryV9om2tPASVm6AYMuKHQ0EtkME60E', 'd43a169ccd795d5ef70a1487611d6c2ca8ab3dc7aa77469b4ebd6fba776ecd01db91e1b1758d6b37ca2b539e8c84844e7032089b28244c176a3cf82b32dbba22', 0),
('RzWLkSr8Ut16oXgHK1lSCpe7ldLEw1', '0e7d72363bfba23c7459eb86cd6b7a4bc6d69a462cdf9417ca09b18806fe6b0d3529ab2ae9d6f7e1bf23d63fff14d2db5cdc8a5f4020e6ece2bdbf6f8a129bb7', 0),
('S5kRzqHbvJjl5op2QKNyG5MasXTSSV', '66e05cdac6d4af152dc66a6eb10057d3ce68c7a55a44b1ab51169d8d793e950d303f5ec2f2f8ea20e6cb26a6f8abcaeb1f2de96d9fd1a2c0c7efbd0cd11305f7', 0),
('s6zfWvTMHEUj8gF3tPmwpLEUTX463I', '5c1867b532e6a6e402e7e16d206ed70f21437ebd9092da4f63d25960a6b2ab63501f2b85c5d1a5b079006ffe5a747dd5edda9e25345a86616cbb35b7472f4ab4', 0),
('SBasJQfZbouNEbNrvyvBLHwHaVIiNf', 'a7694675e5c098195e00156dfaf06b2a04eb742d9495fa4961adea1642de5d33ae94da81cc12c6a3b22d8baa802a5f2ca967a12e0c694c2f5c3f8b7c2f8e0849', 0),
('SecGsKw7B8pknsURI0TDV3QZ1hhXeo', 'eb3760bb9f1022d804c07666ab35b567d0bf3fe379b1538ab2ab270edd9c3036773fe3d0e44eb2912bb9173cc94cc9aec4d55e778ac96e9c3c9413380f8ad17a', 0),
('Sey1rhqRRU3eE4lqlKBfbVFUTM67Ts', '03b2b3766ff2c5e6821be0c1f5e880930437c0f4faacb16ef6f2a50f4292d26a9faa1e61d49d227f597771fa3ca4916bfeedcebe7ae39d1d94fa961860ad4060', 0),
('SHEOniN2f93mzw76XbKs9K7vxQmob8', '2227a49a2d1488e0ca7af06ac47fe0441def739095734bfe21b14ae859cac89ac65452b074453f364c7fe93319cf1f0575bbdb3e089949bdf973c466a9535de8', 0),
('sICDexDlYyI32rNcZxFb1XtUEeAXFV', 'fbf0f86e9bd1dbe3b664db2dd311cff4ee7cc35fdd5e7e910803cee17387fe1f9e9eeadf22b4a3f84bbd1df76baea41c06e643ea8d2dd06d13682881de7c36f8', 0),
('SKK5luvblrTfBYUcwX3J8SQy1bPiLx', 'cdbdb92d3fedcc231fc9c0b7157cc9139ac1c765e422a936232bdd8f6b46cda7ac22907f7f33d3af2bd3a37171071681c6130170f2d3fe09016bdbbca91600ab', 0),
('SmKwAwqt45CDDG1hejF1lgG53db3GU', '4d5251ecbfd01b24120dee542431d36ce00b36a846ff516503fb46d727d8ffb13c8933662040e17a0daf5078a953f3fa7905c6e8b8092669fe474959689b2b91', 0),
('SNkYcyEkSOGUngdFosaoqdi6JGzrbv', '726622ab8ef7fa9c72e0af77ca792228006d850c5e211617264b07c653bafd2ba7cde144014b9918060b58b707ee252e8ab89fb99d7fab35c8cebe109e87a454', 0),
('SomapDa7DgHKYyUgzmY7QtNZQnft3H', 'd55c19731f2e8adf3cac8da5806b630d24d6b72daaa8c4db77f2421a213637e73913dba86155bd6ce16bcdd1399b4e1c45dbb26fc05834d15a5af8a79d6aeb0d', 0),
('SpnOnqy1PClI8FKNlCZlDoSpaUjhqN', '0ef5ef6a74f8742ddf94323330315c681a9bca7b145269d543030dab24d4f11cc84833fddbc9280eeb57f67eeee0047c7e6854252f0b9e725801726f018770a9', 0),
('sWo9l2k79ESfkQtJJLG4SPV6aVEVng', 'f240a4931df87cb3ba13dff7d7cf67a4c72fc7395dfecbcbba39a0d781b0e42b1dfbf016002e97a0bcf6e2271f6bd61951387a5c9680067a50e6b59438d01846', 0),
('SXBBm92YKO3kTSYOBjYM7phjipyZa1', '9fb7c8f359c7d890d16f70c451d3b6329754451634e0aeb75df971f8c5597458559df1f7848c878552ec74dbd9e312116d20d1cadc263b20215be2fd2bdc30d5', 0),
('sYRRnKJgm3YtHc1vUOQLEb4OkJgTKA', 'de067dba8cf602d23a7298148400826a9a56a16874aa592b47981c942cf06fec69e2b26b6aec67f01438d47a13aead214a25cc9d71f9674bbf77b719b88e32a9', 0),
('TBHD9xUqfKW7XwgsqgyVx0f5gxiNEY', '88b41ea4288f613650c418665cd7c11aec226a25b33bab2dd7845086ff25891f1548ecf9a60772e78f01b997a774a27ccefdc463ea0acaa240a28ef7ed432c04', 0),
('TBWrJOqRMYLRjcht0zBCbxiYCIo710', '30f4341cb702c60952da04e11997822e0cd89abff22c46b50fb345419a49e6fa18e1938db46fda8176cbc1f86496001bcd3f135d121400af69997edb737dff51', 0),
('testuser', '3c68d56e84db9a87f3b165b05dc8cd2f7df60e32f12d9508280511609980cf3dd6355b65017dc09fa46d4aa51fd140f3e00ec9644dd443defcd2ddfba8fbd13a', 0),
('Th7oxGqhcYnV5N42Od3YAOWv9pXySL', '02926434a9e789a34d6f437b8729c37f5a78f29c61ba2e4945dbab1074cc394c2834d7b34d3283a35e439a3c418864c88b239d2148b8bb0c75dc481cceb0128f', 0),
('THUA1JVmfiLIwIowEOfy7ADLUrbUM5', '0e8829374bee93ce5cda2a4a6a274e71e40d30de50b3c8d8be53b0e375064d81e021026ea028266911109e634d7a647b93fe0c55e08e003e1e3f1dedc163081f', 0),
('tLprCYAbBWSdbbRYo4gvwp1e4ZhBGp', '258e565500c0944c386a2be7f66eae127af1daa388a70295cbb224292bfb83804496b07731eee391f899f4130c361df9b5c8521b6cef7899cc7dd8beec70fa3e', 0),
('TMb20N8tmvBB2lq3iigORXbhimqq6j', 'e0d6dbadac9bc529a4a81042658dc2ef0d8e20c54078b110991d55e4f4f5d7d7d1efe6186f9ae9bca3707192e5b6f6755553d53fd07ca2eacfb6a0bcdef8d980', 0),
('TnjVBTNsZcrKYBm74ne6rytTOSVMEq', 'df75853974170954118233212c1dabb0dabf518ab0dffbc813a31fdd38c7f790f966e58044d7c962a05877c0b2f0d7b0d422eb29cb49ab236c0ce0b3131a62e6', 0),
('tPPbACMcpvbKJEEIQKKZtIyxw5w0o7', '53dacc0d938aab85b9fcd9bd5f260efa79760fd33ae5acee25ad2c7379b4e75cb581f1a030ef0c6364dc825fb2f1b9af7af01224d0577cb157a119397729680b', 0),
('TUsDRaerRHxSy4C9BeWYTWI51TxfjV', '283cec05a55d91b8c2eac61fb5a8b8d047529298bfe680f68e80a5920fa94a223cb46ecea292d942b527660283207b0dff223f295c72316bd08906ffc16b0983', 0),
('tVxvMs8K7ZJBxHWWobLhANCVq8sHb0', '47f692751e48ec950209e484312ec7f7c833a9bee604af67653dee1f286f918ae48363084c96ec82e7b8a706648e7dc642870729310ce0bffcc5a52e0dadb3ea', 0),
('U1QbmqsCOqdegttUBksgLLSffCHYk3', '156b5bec1f1d239a5f91ba1d8ff6eeb03ab50a4726ebd64d172c1c979bf592f05fcf745ba4c165da3561b893f7343c591ddc584d926d1d6594ee7b5317437303', 0),
('u7ZER4vcVKO2aVHGLchpOf2tX2wg3q', '08c2cc14d7c4197a5bc02612c5bb337b20afac9c9f9cd75f7a6e5fb8c1f7741c33a87dd98e75618f573c1d6af58ae620c7ce8886af2f0da4bc9c37122f94146b', 0),
('UaCFYloKXeFDkKNcmOpXyeRWlyHMeg', '3a8f7c47947f9974e8856a73e74c85f5781bbda6fc529098dd37147496f95badbf4806de85efe198503b2887d3ddbabdff50732544d5933a3f352f2cf53bdb14', 0),
('uau4t6RV34UOTEXjrf3QlAyv7yCa3v', '158f854c24c7dce8bcb49fd1279ef15fca8fa71b985d6909e3624583bd1f92ee6c386b1e5e8e2c9c4cc8c19bf51581a4e0765c16c6629d22d7bdbe73b4395584', 0),
('UAZEmFZ6PAAiZYBlugBzdFfG2Ystt8', 'da5870f1431f3f4a054698184c0c3383272a8ac8ad8e518947deb85ddc14fb4092d93cffcc4ac69369b40ddea88107a7319cfbe27993d88b92e3a590d18c878a', 0),
('uBVeSEJbNjq5IGBpc8Fm2Ee14kbmD4', '1c571707f5f536512be942bd4c87d9b7795ff4c4976507e07dc67d9e1cfd64253db6b577b23cbe1d4100bfa2ebf02aa35bdea74ddf10bce193991779268e04e3', 0),
('ueQGD9HXe5VDooVt4uhE7FLJsOlDwq', '4bf89d1532c95edce2281d5a7f70ab5d014a3be5f3c519341a79117c665ee735c29ac854fe7ae2c777850597018ef11ffd7999e10d099ed107f93cc53d235c9a', 0),
('Uf3j9hatNpX60EVDlLxKk70L8Dz41r', '494535ddba427c063d5992647e9ccfdc0a8ff51912931b47af822a4caef64fb776541a9cd833cfd2010c9c000296ef3f9199d7c429a795d6c379a6c17196ced9', 0),
('uFDysUoAA2qVMCe9EsyMxPAgHipkme', '962ee2c7c282da5eba836eec2adcd476f5751eaa024a66b9526ee84fbd466572494c29af6691d4892f09c07c210712a6daf2f9e12a81d9afe17dc415f37c3b62', 0),
('UGgq4llErnpwsu9h3ci7FcmoTExEgI', '2f1ad7fc36683a909f7f631034a6a8736e6d7a276a84c0aa631972efedd22ad57a45a93951aa3cc75cf2dff2656c4f7b9edcd65d1dd050beaebc7925ab5a3e69', 0),
('uh99XiHL4S6d236yDr3OhB1ZTxmwbd', 'cc0063bd6c0ffaa41733ff979c2fd9e497c46ae5a00059c43b8b2dc0f31f2e8fe45edd9ec1b54a16127338638ac1b776e579a7eea9627548adf3f87cc120e4ad', 0),
('UiYGi0lHhtFQSCsHnzGrJmNqqSFrFL', '4b8de30dc7f29ea15632baec66a92068c43540104d7e2d62c1e00bdccda4277603f51d52d6397af53455f3b1de1c13d467e5857d0890b79b61276d4a37fa3a6f', 0),
('uMLrgB4rHvp0tTufcuY9wuabumP5Jm', '0bc7a608da79c3eaf54bcd25471dde5e66a7eaecfbbff5be839aa4f0c8b96e91c3b6633c6236a68166fb1b86fdffa6cfbc21d82eaf8476815a0a80158b654156', 0),
('UOaMQjWAiFKLlVYbyC8NXVHAfWkIYc', '8d1c89b5bc16fd21a7bee5003cad1a850689cf574170b2b11a055609545d634d8c056a8b0e2e2dc9ccff17fee0db17ac75a42fa505324cbe7a5d430625b2376d', 0),
('uooa6HGBuw0BNsticSpWMQu9492LvK', '5d2943490b60c6fc3d089ef65704eb74367baa47689d1503e86e4a4387482712a8ffee0d545ae06db33dad5286586ee33bf41cfafafb46247fcb644d15c33a31', 0),
('UoSVSjafNL4C4kdvLnQ3tWEvDpAoET', '1810874a2532da037d498f7e0223ed8632d0afaae6a24f0209db932856d7cf68292727cd6c456e89a89c861e97d3c783959e1ccc2376ab897dbf2a422a800534', 0),
('Uq6J48DDIyHBTx80QfXyvhyK0YTXCt', '225c3064204cb0101497865e8fa5d9875a523486126c2869cffe7d3c25e9409e9c257001eb98f3fb34d0013f74d7a38fb281bc8c185e1e1df1c625441a7912fa', 0),
('usmFUCKLMz4QKdyPO4TvPbtD1ikjBW', '08f607d6a6febdf881db33e8cc36e473e0087be1c1519b2da9a5a3dbd2eb9319c3c838d0dbc280dde82a69ab039ab25ce64f8e6a7f91d1fd11ad2b524b67112a', 0),
('ut7Km1TOH93LormdRnGeDIzeuxDIDr', 'cc5d2aebfb8036fbe9448c28e9b0742ee60e08d95d98402212a9ec316612ba718e19824f681cced3cd4c13a0527a54288e2581fd696b3bda2c3b1eae49dbb404', 0),
('UtQ4RySpMl91UXurkBsxPmbvgCKTTd', 'ab383250b598dac14051af945dc899ec4940b55382ae29ea217c79f1fd7bc127b50805bd4626426428bd8e07d826969de24da1c787c15784f4cdedb7340bd7c9', 0),
('UYwctrvCQFcKu3qOpBfLGbuhsItoOs', '706c9bce05a72a0ea76c56703a1a2aa4cff91f6852e51341762a313d84782ca105597e383342823d805c987e5633b00c78167f01f10834d564c45da96cc23c3f', 0),
('uzJ5iO4XHE59GEuvtunwDbEMkrkDIe', 'd6b7428853b9486782d1b0933d912d826eb1595672ea9acee509fbb610537f3a8f6de027efbde3dd52ae1e353df8ac87890cd959018164aa548a53c38d4f6a2f', 0),
('V0vMUhquOyyvO6MBCSl1CXtisUFuIP', '72e4cf3a2ff4049e230b6035d6c8b7d678443f5042ebe9d79790b7e09725058dde69d2f15af6e6fc16dea8c1a91539a814f9406cd9135f74113a6d5bb7a43ee5', 0),
('v4aI50bMoXPtb3DUnfCqCZqW6yTxgx', 'b2fccc14f2e96968f9db7dcdee2966946fccff62f3f55860db33bbbeb8411c4c656451794d3e8e413c1b78ede5b379ce5829381ea938151886d921b5dfa8e4e7', 0),
('V57Xani8QNmykfS9cAp2VActmNfe65', '12dc6424021e19c638dc8ba361e03b51256d4401d05af0a0a7f9ff6c2ec6e6bc369d22d9f709442238b30b2213eddfdc61c77c20f8c01bc029619d219c9c40dd', 0),
('V6K15HobVTtS1IL76Q2XoIaxcJEr5T', '7bfb9e87ea980c1b6ea23b351dbfb31385d869a1e44613274ca9cd5eddae69c3494b1e2faaa01b08e7aff8673851443d7b33a7e9248fb1f3f0f8ef8a3b132b4c', 0),
('vA8EBdbwoegGQv9cBtAx7Bf2jT459T', 'fe8dcd09ce548a3a75c6c36313a3e6ca2698de79ff8f715249086aa719b4d3a5ad4434403f04d2bcd655c50923b41f881b0c529a080c7f7ecee1c94fb28329c1', 0),
('VCLsj1nu2c3Ezvf9ibk44AZir8MoY0', '3d1079e0365c175c5c457f93e898bc53400e3d8284dd2ea1131172cef1182ccd345b36acd70dfc7febcd31b5b18b0aec9a40e67d83c1d851bbc78fa2ce4dd4b7', 0),
('Vdn1hFRzQeUgDbODvysHOZPbi8yTt5', '10795d41c0410292f6fa41621de4e859b6d3d28a64875f618b0d0863101cfe1a4eee5ac51f640c51ea1e64aa0096428a4af910bf6c61461576984ee7de61cc22', 0),
('VfM96dKtBMdbotwJpWnb3kABVnT1mA', '3e0ff1782b6bf5b8cec603fe498b2e140eaad1da0a27c9672ba301bad645e47f1c32bd7c19184ada9ae42676f6be0d92db5075817ad0d696a82cdc349b84be03', 0),
('VHtMB2S2jn3XZSnpJoqMJSXXXkMgfp', '2eb6b8121c5bb9d0fd04bd58530772334e831be7a933248c22606236cf10484c2f8cfa48ca4c8d9ffd7e463adb3bb590c3be238b2e6ffee1caeed8e78b971269', 0),
('vkrNfVmQWzdKyOURK1wF0anPY1Nii4', 'cecc2d3702a0d6f8cd550c837d2f5c657fa65138098b36da0d086db8dcb4994e405a874cd83360927ddbfde67df81b2d95a6cdf90f445a3a68520b8560d0b562', 0),
('VL5UkpfZV4hEqUtfIUSGfiJHZdcOmD', '232e3e9110e756fd4ca08867ab158fa6be692fef6c7ed1017aa8fd66574253c6bda1c8f111fdb194c5d71e1b3e9c7258288ceca25da6542ba0c55d8eec1041f6', 0),
('vov4IPzYVzblJETyUvMIAlQiHIF5S3', '9b4e0dbb21d4bf0780806c25e64ef4e5c4cd8f669ebf1068efae9da9da362de66d633ebe1b785df88bbe34b1f31637b33fc6108fbfbc53ebcc736f6ac1b52ae4', 0),
('vrzkOgZWchnje97kFxGFucBAY6BWSU', 'e3cbe7e98cfe472e3d3750b4c2ef11e0d02534c53c5ce2e9635151f72e7f17cd3bd1748ad0f1c32535e6023ccd7a3aee49dda106378c44316990339239af2e13', 0),
('vTPhS2AgmHQDbn3Jvhlr3KlwRJ0S8j', '4a960224b7aa99adb7e219df5a46e6d1b025b923e775b987c6382ad69b9d98f62c7ff04d7bc3100ac8e02645e6fa78925900e607b2f0e38d636aed0c08a5ca65', 0),
('vWKeSOnT6Wb63JKBB6W0lh8x8GBemB', '8980c1f8d23753c935fbc198d0144833292bd331a826a7d16b86f51f7457fe330014fd4b3b3fe9307f4c447c8281b36506360127a2196850ca5ffcd6f40dfda2', 0),
('vX0BqGPBpbaIKA2ReW9MKTEZkdX094', '3e5852e08c88f69a9c2e5329f71a2ac2a04aa24a96854b5a71d9ce6dc4fc55760a30d7856254c4e7d06b1f475fdfbb2cb3b1084461ea36dd87dac698d80bfae3', 0),
('vxQfXs9yCkzmPohnol5UbCwyH7N2w0', '9c211f04ca0cec05b8fea4f1ebebdd68f0a13fa5383cb83befd78d6023c3ade49d743097b4d81486e3f70994240e2931e74164db8755f9e2ae98b171abd6f5f0', 0),
('W1sMM9rg9DfRfTJmP7EKLXhMS1U3xH', 'e49cc3c85512d7de3d49e6a1eb3630b6975a7d24b2d72b5a7f1032e40f6f731a0ae451e1c4d36b908a22cdc4eca33e344954fea3782b27f5f43f6ab8b9183f45', 0),
('w2KoQAKBUUX8Q2h033XGoTLARO1Qot', '7de847a60cda2dabb40ee96c0a1447991f92b61a3737bec5c84256e31ba1b8d3ccf4797edc60c8177dd8a40560d3c18e6e82ccbefb564af3ae71960ca4308156', 0),
('w4xOvvqVSlgIxZWg1Abj87PJ9byaWs', 'dfefc85451b56bb150d37375d3b09e6c514386462e9aded77cf9bc562331762ee159562ca1e628b6f45fe05559891ee61d07b8b4d9e41a3808000e1385971860', 0),
('W5PtLacVXJJQfGjpPS7PqFi0JrSeIs', 'c8d389ec23120d431820c9734945c58828a2861f7ba5a5728180bc92ffc27b9bdba784dce3d05081b2f068d6b64099edc5b9b009b4e5e26e8d6956d4236f2bf9', 0),
('wEDm2O1UBMG0IOuHmUuHsZ6wLFBwJo', '36ee072a81c14a2520a21414b73dbf17f7489f5fdf884aa6f9253e9a5fdb7cd71593184ae4641ebba9f37979ef091177e133bf499b6c5a4a1303c4ed4eb14d23', 0),
('WgLeQcoOGnfId4MPhz0tZEsGdjf7Xb', '274d68465872b3088fe5987be555da2dd4d917981697129b9baa3e7a216b15223b029f9607c911367c94de0c6bd7a62ef129a9e3f0f111de019fddd6f03ac088', 0),
('wjveM5Ext4ExBzZOGr8EVf8ZM5vdvi', '311474ca5bd2e8e9e4e7bc6bd50dbf7b1060fb15305151055b7c13a910f97d7cb8d387ed0a361ce4ef3610bff672992adee2d9a1424c10b7bbefe04dfd322094', 0),
('WuOPJUpix0SxeLHKyzkm1vCEpLgd4J', '32af8f4db7c958160ce12cf15c5e9a6811ffb9e47ec1c3ea6cfb2f26c8eea39dce6dca71461279ef6cc02d11717455c0a4791c4121b8528e26c48ecd99a421b2', 0),
('wVdEDxNLX0xYGY38W2n07jsCQZzidW', '73bc29a45f5ed9952d75669f46f9b7197fcee18b62d4c981894393310694826c5348aa34eee99cdda4bb1a8269efbe99c9406d204f36cf28cbcf298a4fe94524', 0),
('wVNFk42z1PT6JuoDTr6nkfVpNfKUB3', '71ab6a7a5f7acd59428a7f02d091efac23969c5b2324a8205f6d8bd8c6987fdd1a3b3f089dbf2d53350d984c7c1e6e2fceb375eb5a6157d25c02e0832d4d4586', 0),
('WXMSEy1Nj0XMupAyq7FpGWumrhgncc', '00c51081d77a147d5bf5f97741e585b29662a4c1b7d5176252caa7343931c8b412dc78e25cab0cf522b175008040d3f62cecdfdf5a7d207091594e7124370196', 0),
('x0re73QpjDcNrTFtkOwd2cN6ZJoNSe', 'a4a4299617d6087d690ed3d7f7bb8bafdbb90b5df71bcff210b32746538c95962cf97ffa72cd6411d7d7a256873e6f75a47583deae2568500efa1dd61dab3c53', 0),
('X2ZbrTbGkJ2Vv0ST2saOqSlkic08fP', '7bf6bbe8f8b1554dc82cee26dc5d605928f60eb60fcf621c4ffab61fd7f55112cec97f126c62df65bb888e7c434aac478e3eee5ce48926615a71d3b683976ed3', 0),
('x3u8wf9B3Fmi5FIT4xzxXXzeIuTqgk', 'a1c7bb90ee9a0a74830f1feba0cb90a4c968643059ed054e2df6ef16a55b20abbfdae21e162ba5f81312a21b7514bbb72f52dc5c46e8c8cd9c0e267f1dc9ffb0', 0),
('XapbW5ePqw9BNozlRa1NCLkTCgsRU4', '26f75e190f6550e327f3677b7126a4c33f6bf29ce7ae6b09dd1f2de3cf320a94188d3714901a5887e8b645875bc2b5e8f5e42ed5883649fb3e8c30869e711e16', 0),
('xerVMR7uOvqVXFTa2P3NX1UEKYNz92', '5c872484a628709253eb7e1c43bdad52f56bddcf1ea84207f5b08472d990814e61e710388fae5acd4b8200bf4d6e67e3235eef7ab573412530261125960b2137', 0),
('xGTzJzbWeqEJxK5tUxAfB1C0o8SmHG', 'a6e6c3153095d8d20c34a1f19b7699be2ce863b29e3b867eafb77169e71bf0a6e4c916e6f27fa735f94bf8a1d4e5e29d0e6ea1f9a08bb1f0a78be331a7ca35da', 0),
('xheY9B3mzBqNapyIIqgDLsSbpxEJWE', '0b2f042439115838b9c2562163e132f0ea182d08202998b0d6078f0d120f0f1bba20284a82d34219c9d6b79112a92f5bb6984955cb9183a16956ac3f3766e1f6', 0),
('xiY3ieUCMZteT5IEgy3e3oUimyWc5h', '23a41e598b416c8e6aa17b0dd6ef2634bd1c312e586143d51aa86370bdc78bc1c85e1e8f32fab4a30245f03517647068abe2912adcd75fe93a57cb53f8c0e7f4', 0),
('xQXsXW6VgE5NeIKz22k5GPAkSLCIuO', '85d575c793a2f566bf7d0547d504aec59abadc69031063c2a603859e0b7f65c8605839641c5ce860597c6a33d78a90b443e84b05041f04e5d6661467f7dafad1', 0),
('xX2Vp8IGSRjc1XAof0Y4lzxgyFlAbp', 'bd355ea78ae1d8dd0c19381ffccbc7d81c511631f38ea11d9f27b105608855882ca164f47b38e88995b4efc0c36305c3e88305c84de70e6a672a57a3afe22d17', 0),
('xXiSodwXnuZmFwutqMujWJeOMiIQe2', '2a7993ddd665d3612184d9f60331b0e9b086b34596345dad516da445439174ede0c3fc770af3ab0cb757ac9f31c2c883a80c3b6917f06bfb482e2ec698aee962', 0),
('xYGS8ZqpNJPSZEEfwELfTjNORMc1Gk', '9a0f064cd1974f73e24a9906a59e2d61e2fe4169a1992e89dd759c14ce6a1ed109e03151edc9a52b6e8b7383a7e60f9bb436ff8f383b3a40cb7af533d8ca63df', 0),
('YA0dbfJg601zG8FSw2I2fPSmfI4Gw0', 'b10c7e61b293a9667eb70b4b5bf864b6f32921c2d6f46afbbc6520bfcb38d2e2a20354ed213e59c0f61f90fdca741cecfbf1d5ab88699efa200b806716b5046e', 0),
('yb8rggPEpcSjlG1WLGelaswEe7WgFw', '00c1003b1249c5f72f5e79342c6fdd8b513215745f300134eb994644e27cf336281d976dbd5c208e7693e03dd6ed0647a0a98e944b67ae732a9db66d6cb90322', 0),
('Yh3ZnUZV0zoukAVtzmbVfJ18looSFd', 'f66e4ebe82e25e8ab3ab476071725201981d6a043528f26cd0a73e9e6276372ab708f804eac96c60c01da584864d7c58ceba5a03b4fe38eb1ac064dda1a95fb5', 0),
('YLM6hfHeAtMjVfndRMKabSNZMeqvmZ', '1623f5c8885bf72e6d337b96004aaed9bbf8f15742b831ad6aa8ad0e7a4438aa7bc50d7208246f24e116d6d1ac8e32f45a46a7566bb409eb41fea5225f6c6dfc', 0),
('ylykobjaiebBtvldv1Hm5hy6UTCndc', 'f06077483f94c264ee42b15d216be68e853ed1cfd726046b7445fe3088ac2d789cc44b8c8a94d3658d3fbd44c6a5678bae71b595866b5924f1fe00cc5ff2829c', 0),
('ymE1xWPY9T09KxBm1qqOtQ5ybbXw6r', '37a1d33a4ec463419f970c94a4c3a226225ddc0fb71782fa70837b17b9f9b1ed7d2c2b37efc27c8231ee27fc680ad585c61ae4bc7bcb0ea06e9356446e971367', 0),
('YnBK60zPU9n1YatwwxU3F82uK0oeWj', 'abe3d3b142f2de4d7cf7c72d65fd412b83d38632fe04728778d2329d2caf35f9e5d65cb99aa7b80c2ce09a3ac3dd08123205390be0448eb4c9bacdc2db01c209', 0),
('ynKlyWu7L7WqOPlhj57N6ZoJZQ4Muy', 'f3ba908f2b98707dce88e9bacd52fff2c5a31d151ce628f10e1c69818295c56b16ac567a7e9e51cf757cba25ffd7e07148dbe108a091bb4fcc2c6fcfaa260bf4', 0),
('YqtRKe7fIfBzpzG4e5u677j8xYaelC', '3752544291ad543b64f4c2236cf9d039090282f9af6b411b8e24bec0032c4a7d902e3f45a343dc2d81263b5a40687eae9bc0f55727286a9d471880996bc0f052', 0),
('Yr745hzYT6s2wFO4YOsqFG5TnMIxhc', 'ee4a7fe914f47dafaf6d2d3a257d0c798821a43163d491b540734e1a5b589cfec77705af73ce474a4ac70ea5a49624fc0930b879dd3422b571d7e3d6beffa80c', 0),
('YU2ij8aTs7QMinthIrAaK3qP5QDumZ', '437db6d275c09c00f68ee3356193ac5aa99b0c1ea3d97a859c938b24d207b2dc08ef2e13fee867a28f0c8de2423b2db82db923122ac7eba1c3ca326cb079a95a', 0),
('YugAzRGrnqxqKa9b1m8JRew8yerpDl', 'd3efc5aaaed428f9388f0bb790b1039e080abbb577bbb050f4dc48eb0fcb51bba8351e07ec0610af0ac8a36ab3bffdba5d2ac2b11155045e517c753f78e1683c', 0),
('YWJF5GArG2Jwn2lJAqPtUyIQ1RnRwV', '3dd7e6fdceab0d75b5d809e80624abd5853e10c9082553daaea3385293ded4467d66ef1e3c837de8ec354aba4329bb07a9e64b558760368647c26c6335f1bb11', 0),
('Z4v5RFzvfVy4OnqAKP9r5dUTL3wN3A', 'd910a41834eab8a26df681cc204b2e41a297bc3238c1e9180d27e1b65fc490ec2a0e9538a458bcaf7d75012d3621176c1896b8baa1365823efaa7f965ea526cf', 0),
('z52KTt0pRm79FSzUSeDlEoVfqMhIav', '682350e8f647a122385b3d91ed0bd92a0c0076a9826734dbed3e950f2289bc773a7b4abaee2b60d32052d17a9bcfaae764fef9b31e4c57dd8c9316d248507970', 0),
('Z6vDegtHWpLn1lp0DmIaNj2XsnLLYP', '48a3a62f1ee5de8d67ceafb48445b8078fe0919fe874f801db37354fe342040dccbd8bb0b45eb56cc6ddca63dcb1476bd33bba456165902da321bf522c4a4dbe', 0),
('Z9a8BmrbCtc7uLdwYl901TvXD7TaK9', '86ae376756107cb82d9bf8e39a502f4550b439d2ceb2617b7bb0e12b8836ae1b2b54679ead546cddd66f79d02cc4e830d33d0b244f16c1fde9b5209fa51cb114', 0),
('zb54W6C41RAbJEX6xCdPedixXUG4ny', 'f22ec0650e4d0e66458e906a3094503a50ee0c3fa00ea5a41e09a348fcc16331825bbeaefa325ab7a1bce2403ea31e367ad3f47dc3fbf7c1d131c93a5a873bde', 0),
('zc3WYbbgPeX98Q8hhKpr6W1gAkFWgZ', 'f3adb5f79658614d143f46285f6960152feec200a83e58c26a81706e4dcee7f87d717fb223f70e70806f0b8aba5e408a73396610c12b46f0bd7342eb63bb5d14', 0),
('zDJaDo5kxsr5HKqB2fytW0zigOXLa7', 'dcfc5de2b9a1dda52480031cb54e40f09a077eab7eae3a8778f54ffa7732431634336b700dd01f1501302c358e3db478992454bb202a480f7a2621f8e174dc79', 0),
('ZdrS8DlQzNahXVQIybfVPpoHUCOwtI', '39627be3e4f64db229af4c9a027c3bd84a2f75d80ee4e17e387b4dffea9e59e891b6d6ee7fdcc41da1689935e494a773b8d6125f169946ab256909a743ed47ff', 0),
('zFVCHfhruunBNoGe1KBr5iF0KWQPV2', 'c75eb32e40e30be54d8eb3a7197d68bddfc2a4c4566639d2743b20ba78f805a383698a49da49f6d581bad1fee16113f4c1c58e2687243f86d1c5e5981e36dae5', 0),
('ZK0Xegx5v4vbQb8OA6wTLcU28d6sx8', '5eb602166a3604a2282c2f1263260652653b9fd3341f465b9e8da0c4bad2fe4fc7a926d796dd323d8a62b75bea0b9fd181d27fa5d95524d49a2f8751996e7e58', 0),
('zm0RJLmO65G6FPVMt5fTuKyjQ7uD2B', 'a7444e6d165a73138548402bf3e50628700e7890525be776992563b61bbc7a7df9b48a585f132281121a575229037ef93c6d7850aa94fbb1aaa9d7286c0266a7', 0),
('ZOvrnVIBmUrcoYnSZOESs6SawKLjPn', '164a407eaedd1f6381b0a66089c7276ddea7807bb26f0942e69417f46463f7137aa0f9fae5d6d3436adb13a68cd77e4f599c3b5566e33911e9b04614e105e8bf', 0),
('ZqWX3T2UP7sKlQ7gLUlp3XByrb6DZw', 'c0798f89a41ffc64dacb95793711a1dcdd60869527fdbdff2d9ec6faa152e1db574fe29a02fd83fd7db4e2ed8371848eccd661d7402b56bc0de5b765073c9987', 0),
('ZRuWP39lAzdQbPPFyCmZW3wISWmbmE', '47d3ca497010107fa7720ef22fe7fd037762d60121cb5e3b41dca3579b42c6e4b6be64873bdfda4e70ebec488ef760fb2957e1c0c8cd4f1a9c22d1b24c3531ea', 0),
('zs2idN0ZEYmK6tEsD23r8dO2tLIQgG', 'b8561320482e543bf3aaaf44bac7430b8daf5e2b1f5086778759f4ee42fb4aa915a7150c6f7ac0aa657dab73d30543449db00d2b0dd5a65cfd2d616e1e555cf2', 0),
('zTnb9Tas4XCEUmOmHTClcwiNBX9v7m', 'f5b66f5763783e801172539c9caba14461546a4b8603015f7f0ef44cf8e321e54d78f4f8dc00b14c255b353a941c4cf132da7bc8174c2a61faaf52d134cb861f', 0),
('ZyggHtTWVmBcX5n6Tqpu6oX96dd4It', '2c94dac93f612aee4f256670e025c782d7aa8fd6e9af86ba3e92a34744bf5217091131d310bc8265c4877e627cc147793d0e9b348ae251859c97c0ff34a5649d', 0);

-- --------------------------------------------------------

--
-- Table structure for table `player_music_inventory`
--

CREATE TABLE `player_music_inventory` (
  `player_id` varchar(255) NOT NULL,
  `music_pack_id` int(11) NOT NULL
) ENGINE=InnoDB DEFAULT CHARSET=utf8mb4 COLLATE=utf8mb4_hungarian_ci;

--
-- Dumping data for table `player_music_inventory`
--

INSERT INTO `player_music_inventory` (`player_id`, `music_pack_id`) VALUES
('03ZRMl8QysToVgTt8XSnN1hs2hYtgd', 2),
('09ISFkJD70F9C207pl6qnXxRjuxUEY', 2),
('0cFGOA6mX0KMz2ZOVtc7SYSdM8Nzh4', 2),
('0CnoijoaByupEmfxXtoPf092jafFxR', 2),
('0CuTn5E7wWeECizIfL4nNb8suRk9w0', 2),
('0goPIiE2qD91gulh6lbpeMtYTn1JKd', 2),
('0Iw4qEQI96eHZPfvIdz6Sr3KLunF2Q', 2),
('0QCBxo4w5fRAE2MBNMBagPcX3pngaQ', 2),
('0TLtiehhoj9idfLmyXBq2XKd984kHR', 2),
('0V7mjbANUUS9V0PprREHRCpfIn5E4E', 2),
('0YEmpBDtadIaajWFIyhxFaWZBTqqy0', 2),
('12Eh41xf6eb3r4jTykDq0cNfwRLZmh', 2),
('1EkXkIzB2ZOFbRJF2QMZxLWm8R2ZgR', 2),
('1lUID8EWmx2Qb8rywovQkVHEemlpwH', 2),
('1NPlJ5Cniw8I5o8d7pi8I9jZPhQWCK', 2),
('2AeYxugcanMHOhlMHr99ybqsWfKfjz', 2),
('2iCDPV7DKEmOuo9ztufBvRzoW0k4T8', 2),
('2IjtcF1OP7N8fvNeDk9SzdooB15a7Q', 2),
('2LuZB0bLRqzTAtKVri2wVw3rxushov', 2),
('2TNVW577AIXyW5saUDjS9k4HGd1CAA', 2),
('2XYx6xJ4yUmrXczGIQZCFNwdgqWYvT', 2),
('30392c3bHQ5gD1lIXvXmKcZZbLXGkg', 2),
('3049v2p5hb9RxpJSRColIsglvHh4Qo', 2),
('36gMfjZiK6x6B7oVeDlZYY2LnYq25K', 2),
('3bAjMyFH1HIyyoR3ZSGGl5Rr0I3vte', 2),
('3dqiXHv681Cs6Yyov8fnOb5SAqWtUq', 2),
('3RGQFQ5Itck1Q6UJq1AhYHEZnA8dio', 2),
('3rVVhmwPJMHQwCT6Pu1D223E067F4o', 2),
('3VCDZl9K2Cq1SKLqLf8wIvolWNCy3s', 2),
('3zacttDeWhn0gD2LlFw0N79kPS3BGw', 2),
('3Zmy6WRf9Uz4HNg378WTFAEXZqtVjG', 2),
('41MzIz2LrxI0X4A8EL4xnj5DUEaxOU', 2),
('4AS7oFdUm55IBjZUIANxFSQAa0YuHF', 2),
('4BFQ6pSf9D83DWMW0mHrlv1cRRzt6N', 2),
('4fsd5358PYtxBxoGxyUDa2qftinj43', 2),
('4IWlmMC6FSmHQ6yhhXgp93lOG63EEP', 2),
('4omfx4KR6Yks52PPf5qHsfZ8CHxHzC', 2),
('4uP4prDZpEiLUTHCtRkRd1pPP4wYQH', 2),
('4VoWRGAeptxcrgA8b0ySIZp77HWaDT', 2),
('4xcZSPSz3O8O47yEqUptiB9m4Q1K6r', 2),
('50L0gQDuKNDCX98mz4b5BMxyey6xsq', 2),
('56G82mDPc55yfcAHXkIzHsy7vHvA9V', 2),
('56WjXjZSCUq8DfC1inKaTjpWUOnvv1', 2),
('5e2C1gUZlve1T5Bvn9lCn2x9OwUt1T', 2),
('5GSjVeCVMW3bR91U1wze3eQxQ1UiVd', 2),
('5hde7U1ZXShjlIZCzHRsbtaqFgOp9f', 2),
('5OANCbja2HqacrSNDQFYAVZLpmEHpr', 2),
('5QbCcBHGQNrzaZiNtiQFVrTVJGnRmz', 2),
('5QKVSGRgiLbh6Ok64Xqx1rrANDVKpo', 2),
('5Qlw22B0JSF1PJGv1zgbzXlVUUfmv5', 2),
('5uIIq3q6nD9mnJl4KCBLQ8pRGKDTnf', 2),
('5Z3RndD4JARP5ypZuWscTy0inJvbbD', 2),
('5zHt45nLXBrlRcEXpQPlhrqI6HMfF9', 2),
('693cA3avedsKEw4vtU2bv5QIBxAT8G', 2),
('69jBEfYshSEyIkuO5c1BkdFQhOiWoN', 2),
('6cLOMAABUenKi1zfl6dwxWhIGTmE1Z', 2),
('6f2YPNNfToogI5KGKGFkTq9dItQCOz', 2),
('6GsY4vtynTuXS71bHocVSsKBU9Frcw', 2),
('6hLmeK2ra3rww8Rcvrdhf7aYdOC30Y', 2),
('6R5OLUgyhW1JHbXFSlZTtwW7UgHdbZ', 2),
('6rRBdMsRYIjLo184GSZU3D4fY9otvc', 2),
('6TJ4Ove1Vneee2dhmpIvQuwf6AFfur', 2),
('6toYZAEuCozEkfmtjx83G9q1jV5TMB', 2),
('6UEJ1k5n0AaxqsE1ggQeX3pOIdu8Js', 2),
('6uhlTxEtabzwFHAQkHK0N9gkYw4mMY', 2),
('6XCsxFSCEGrHGxqgem3ykAH4WsoFqs', 2),
('6xobndkZth8mp6a13IhhsHF1ivZjS1', 2),
('6yBpMEAKpHUpkfQzadDXsNACOTUyIz', 2),
('6zRbJR90ryzlJnrwINOklER563hkQ0', 2),
('73aFAI43DlRTVV0RoBbsqtn66GXxuk', 2),
('7aFFUNQL9EfSLCbgFqGJOXCpRJt8GQ', 2),
('7BcZdD58W5rbVU04lRjJu9wYeWSl8Y', 2),
('7Bt9q5gSAUgKI4hxKqOCcX42DkCSOi', 2),
('7exrTGK6ea3snEmZv1ErbQoqHY1xqh', 2),
('7hMaCrrGYIMhlvXzz6swzi299yKmwJ', 2),
('7SNA8ZYZ2L7Bdtz7i1ZXlJ5UONLSKQ', 2),
('7TWGwZ4anzr04S7sPQU3qYI8WdbAJl', 2),
('7vvVF8N3TeaxiXiEq4YIrZx5dQ0KYE', 2),
('7ZNz5wwND4LqTtTmf5rnztp1Oo9QCh', 2),
('7ZUb3KspOrl90nXfD1ac63DoNcYfJs', 2),
('85yHuB2upqmBmRYmuUQOk1nQC1ePtZ', 2),
('8BN1SJqx8bWfNQ8zLK0VtGeWLGQdEY', 2),
('8fFnfV7stvtzUVKupwMN5KfOTlP4Z4', 2),
('8lWUlHy22YahjfafmQLqSrN0Kc6Q6T', 2),
('8TNm2HnTzi6wI2mMzaKELfL1B0WIf4', 2),
('8vdFW6hHXMexeKPAY0Ft2pGsdZVJTR', 2),
('8WFO0LQSR8qASzcByOwORSH18yvgsG', 2),
('90kNftp5rcQRSu6LBFuLAW0dsdbn3J', 2),
('92b8ObGzeJs9M7KjRVRrF1MOmjv1YI', 2),
('94XxttdC4OZtccFGHGjQKOMXI0VGZI', 2),
('9dGQFZuwmzjGyQleFen7kgWA8j0a1F', 2),
('9jmRnR1FSfmvVqjuKrslRnJmkrvqh9', 2),
('9Niqpd4DRvKybcggGLQZHqVXqTXXQ0', 2),
('9s9KoNaxJUcotC4AuQ7bk6TpSFD8g1', 2),
('9ylXLgnosmBqHGWauqV69NeOsclIUv', 2),
('9z7NnLqCKLNzEfSGrcPp23yHB2h5M5', 2),
('9zu5mLFQ7tfmRywdVANVQKgrXs2lVk', 2),
('a2RCGXBIul9NXNNRKnEl9HlRejZqPN', 2),
('A38P4kUSxSaVTddzMjehHgSIW5SNsW', 2),
('A5Hj6Q5cdSlSytZZRccEtW4ULcvIfT', 2),
('A8l09lVz57wIFUmCo9UprBav2vQkJC', 2),
('aCMGxi1vcMeqzZtN0gKa5ZWluKu255', 2),
('af70ROTK5aHJCvEnpPMeR9ykCHBZ3B', 2),
('aFuK26qRzvObqJopWSOzzNZfZBkzBU', 2),
('AGz13RU28jDWKtxcNW93IOHW2FCnxw', 2),
('AhPtdqOnKkbeG5w0jfVbBTWtCKNUag', 2),
('AIO599Y6AbxrLTNry6CtH87s3Wqc67', 2),
('aiwklMWtpSkIqwPVRaGStV3WFCQKCE', 2),
('aJfHg9Lpasbs5MPkI667AtiW2dg6yH', 2),
('AMJjMgbekk5arWWjedts64RvVX6rhU', 2),
('AnefQ2aOCz44uQRVguwMyVo45jbfaK', 2),
('aPNoSGSL91udjZbD7MjBShF8zLSfAg', 2),
('apxF1OukNVQ88eOof7scbeX6GzmdWa', 2),
('asdf', 2),
('ATXy5IxZsNETq7ECm71naV2xAj1w40', 2),
('AvVyVTBmJDLLRSBZF9Tg9ISsVlcWRu', 2),
('AxoCGaw60UD3Y7U9dzajtuTYYoV44m', 2),
('B0BpfmCEKKD0HFmXkYGXfwIVPmxNVZ', 2),
('B1GDmPR4Uze2AEdwGBs6Z090I34caf', 2),
('b3CgV46ZDmOSMCYOVJurj141hKqXeF', 2),
('B6IRFZFcvsb6fOEbbYtXf2Vtfyzg7R', 2),
('b7r8rFBLsgOMIJXGpLwJdQ7aSqkitF', 2),
('baJDScUw5j1sAROQajzLKOFujL8seJ', 2),
('batyuzo', 2),
('batyuzo', 5),
('BAxoDWIoarSV2QA1APgluf6n0vhwEZ', 2),
('baYEQWnHeVfDthsqMBKNA2VBNMFYOy', 2),
('bcWjNN4rmulqjmM8GekBpRp32KzB5H', 2),
('BEGeUle0h6Xz15Z5GsqkAXDsJ5FCm8', 2),
('Bfbn3hGaaEamLILafEvN87eCPqSwWh', 2),
('BiPvEUzdhwmYseNPBOWLRMY4l9NNlv', 2),
('BJaiKiQmtsnMp9VP4oHwGW5XYJtYcq', 2),
('bkdA4VUMcnlGakTPb613Mf1eYPOfyu', 2),
('bKvMYutv7Z3BXxwC0tWrE52P5W4DEy', 2),
('BlSKXxwu9wPzv90zBHD18m77V61ujh', 2),
('bngIto82SE0wicwPrlMGphRfTwMlAY', 2),
('bnRDZXfAfwQEt4A7haU7fuNHqntIj9', 2),
('bPHWT4DvbsL0nRdpO3fkSRMF85EtSg', 2),
('bPZIJtCWtUF0oLIlCi3PUuMUIxvok5', 2),
('bQFeB6KWyJpes5g043EIj3orO5Mt15', 2),
('BqUlr6BHV2l4REMGGuuGIxprzw7J3d', 2),
('BSaXO1IUia1cLmBQwajzcQRKewZx3b', 2),
('bTwNugJ5hITyG8WORnPKpdsRjlxc9p', 2),
('bxbD8xkcbnPtDSJJzwJoPYEKEUhBDY', 2),
('Byr1PXfXcaTpi90fcKETA55LIXZmvB', 2),
('BzYj7S9Wenh0gsyD3hDGL48BTrLar1', 2),
('c0LBhLkvRjt89Qg10k2De0cohJudI7', 2),
('c3cBsDV5MCOappxXQtStT8w4samuvN', 2),
('c5khwDfFjzcSiRsqjtOFQtUGgU3vRq', 2),
('CBLYdqDiONafoIUzIQ17XsCwwhsx9R', 2),
('Cf4ED4FoJCD529AAcMnSQANiLMnUF3', 2),
('cfcTrjdM9IIIUrDdwEPt9ivLjNEd9i', 2),
('CIMwd4IiDebCPOf0n6BqMpn1U9hyyp', 2),
('cJJVH9SUrNFklOMH1azUhnbs7WwBqi', 2),
('CKRgzYDJhK2oRpRn6HO9wFBN7UIngA', 2),
('cLzmyLkwuAdXwXDSgmY0pBOz262OxR', 2),
('cOgJGSbSEGjLDUvWLmNn8WT8B7HQ5x', 2),
('cpcyVCQAX9huESkiwChhZm6sJQYBdf', 2),
('CRXfHjpDOoBxcUtM8HqSeTwksMwDMB', 2),
('CSGANwMnLWrURO6Ys0CEWxNEIaSvQL', 2),
('CSxMH7kkBngonUcNJ7zGo3w2BYFbRh', 2),
('cUHANLqcZvoHWtaWfHCdU4SZQGKAVC', 2),
('dakJ3DJYLuDkWVYr5BadSfxFbmNysy', 2),
('dCRTZWzJWKznw4oGETFCJU07BiIgDg', 2),
('DdD68LJ2Y0G0WC5J6kNbNNMQvOv8qk', 2),
('dEP753i6NMt04eZXw80CzI3CxawnmW', 2),
('DeWqzPBNskqUbly0jLdoMuMFRFUhEq', 2),
('DFK4IqL02WtA4DYtW0mA0g7uALYYDi', 2),
('dHoE6dV7VGwGUWXsUxomMnTsDtYEYA', 2),
('Dl5LOpy95ClfM5YwQyxONW0JWQJRRH', 2),
('DLHWG001a4O3Vj7uti58SLbH1Ialiv', 2),
('DlkvrEfAhSSci9QSQUMGPO07FHto1T', 2),
('DOfDpygZDoHaxNM4BlaJFHRLlJsdtX', 2),
('DRIr0baZT8XDkT8tbePvCyqnFxC5FF', 2),
('du97n3v5AfD58HE2o8AfGcyffIGEDW', 2),
('Dupr463YgwUE7wNSOpMmJrr8lxHuYz', 2),
('DvpLjkGmabU03mX7fmaxrs9YBe1wMb', 2),
('DwFYc7AYfKusSqQorDvQ3X04Habqtq', 2),
('DXDevM3SDrsGCGNOSlorJxaWS2lcAc', 2),
('DysFJQwXAmhcTiV2d7KaFds0DmXKjb', 2),
('E1XXhVvZOjFhDQ8yXoongZP6X3IcJn', 2),
('eCWkHelq8ZjsnJ3lFUDIdgWpQitJET', 2),
('eeElfhhu6KMrWSBfE3nR4IXcUJjfWJ', 2),
('EgZ4m4QB4habvQwvJ5iEzAp1JE1yDK', 2),
('EHrV1uqPGhVUwvq84PSWdEmFirB84F', 2),
('EJNNzDUSpVWYIzD2C1U4pGgViLZt4O', 2),
('eNNiwMGzRFBYtRkIxKGvqGdHBE078i', 2),
('EnX6PWrtEbm0N943qzIWNNRbpY8fyR', 2),
('EojI6dUba0zK2zVdm1x0VpBZVCAaSg', 2),
('ePcTc5FXko8eqcC1oSfTti5BraOsE5', 2),
('EprPevfUX4b556iqp74c2xykrm7L0J', 2),
('ESwJsSGurAB2LZQeZnOTyUGD4wQjpx', 2),
('EU6rbasMJjr44XvM9K05Aal4ES6Xxt', 2),
('EupUCSKAV0AaBpWrL5FwMnfRw25FeC', 2),
('EUvPXF8sK9rOtfOCKrWmniAsmAff02', 2),
('eV48vLNpG9WBuPOVXmJMpvPLIavxdw', 2),
('eVYxtRauyswidwH2DzMiR2fFIOmiiD', 2),
('EWnAINLE6VLpdcLOCtpLrP1Hkal7y3', 2),
('eZJ4hhCXxcmzu0Chss2lxJmURCpFsW', 2),
('F0OgQcAFPcdJYOrCiHEhJZs0a5eAIB', 2),
('F6E6SKTykzuPjLHrDuY5RfYhkysugd', 2),
('f7hlwvZOgcXcYa4stnPHnIiYWEJ1JF', 2),
('fdjdVy57Kc7u7Ri7RJwdI3zn7FlWPy', 2),
('fMikzT4RNgwpOGu7FW7maOhfS2cIfO', 2),
('fnaDEpFUPbGU4m1lhQF98nZ51tSKmr', 2),
('FQBGUVwGnuAs93z0ecNGHZVPsCTEnU', 2),
('fx2G79Kykj08ghMWEFBL6kI9bEHfV8', 2),
('fYltLU4wsCsIA1srHIQ1RiJKRK2oPC', 2),
('fYyl8gqqtUombXfbPR6IkDIHSInhj6', 2),
('G9CcEfiiq2axTTndQ7FrHQR9jnasMM', 2),
('GHT2MMgTXHPzPbVzHZE0x1XsRHUh3e', 2),
('gIaocSQvsDBJ7BAfMcnahuoHCSVdmm', 2),
('girmany', 2),
('girmany', 3),
('Girmany', 5),
('gKBJ4jmKJRu5n5vUS1qG3FKJJyQjyz', 2),
('gkKxvHqCg13niKrkn9wjwPaZtpJYrT', 2),
('GMALJzeqG4S4E0Sc2JrZ8sPvJ35wLC', 2),
('GMHsBXqDGYLUda4n0gv1BFRsLoXs2w', 2),
('gNTrgbzgCkcm2GWaoZ0xuFTkUgSCT8', 2),
('gpqWaCZSrm4HMq5QZu7bsdkOtH29MJ', 2),
('gsIEAmeaSEpvakv2UCK7ifYEijBbNg', 2),
('gUas6baeTY6FxgzTtpbRGPzQujVA2L', 2),
('gUFjOSgyvmHT08mrnAuNhMcqIB36Kl', 2),
('gw41fB4edv7UZfk5962tnvUNN1wbvs', 2),
('GXp9Qgjmbqh9IVxk6Aatn450BbMxdZ', 2),
('GzLxadUZQKsbHLQ6eRvlBKB7y4b7Rj', 2),
('h1k3KuRA0ois0CEPUSILZfRKcLZ0Wi', 2),
('H3WUHyCh9jB2O8MkGQAnqNsbUzsIPs', 2),
('hEkeJNMZTRfe8SPDO63fm6wWkNmq2U', 2),
('Hi6es8ioJnrVD5t2D4RizFxxEXraUB', 2),
('hSTkZ43lCjx5EvwYdWqJmRVjfKWpeu', 2),
('hUOJsYFAJMdHXbGrZiKE79ds9WjiPr', 2),
('HXn78rGRapWpxsGYFwb4ylWabA0SQk', 2),
('I272zqw2YVl1VuquCB0f5lKIxodbaQ', 2),
('i2mXJ1VHEJPSiML3CHJfATa0xvdGyC', 2),
('I3ZaMA272LgTgUJPDwDoosDZjDXLge', 2),
('I8asKttnQ1lb8cH67OdcQiyDJ87e1n', 2),
('iAy3L0El84VAQbbRtO5EBbuS0wY0GK', 2),
('IbpMo1lCA8D1bRXNRgTVN6WgPAZ0dQ', 2),
('IeiOiwEmdo3AuFKKMke1dV8HHUWVSW', 2),
('ieMO6cIFIJeHhIF93iDJ9Pi67Jp3i6', 2),
('iILsSI7GS8PM6kqOoaogYo1FrTbo7O', 2),
('IJXgK0eIwBm2iYyRKB1QOzNIoRk8Nm', 2),
('iJxUgtpcVmG5HtrmIpkOcSa09zavBx', 2),
('ik2BkCzOB9pJgIuXe767zZnPYCqk3s', 2),
('IKuX2Uz3N0BQyI1asQUqeruhFDciz5', 2),
('impIbuZJFvg79KdEnPqkAT3cnYgeTt', 2),
('ioVJ2aJ1iuZR2pX500QCOLtrFtyx3R', 2),
('IPFZQUMa2shIpSmz7Yej9Me6km5ZA2', 2),
('ITgXzC6q5ZfBgqzAl2hgGYClmuqolZ', 2),
('iwMTTmwzdmGBz9AaTfeB0h1mkGXNSF', 2),
('J2dSgOsmxhqekerDOGKkoOk7YLgu1W', 2),
('J3Wt7Evjg1VZ7IvUOwBkKtlliQZfpj', 2),
('j6IkJGyjM1uEAZ2YspFRQK7CSo2BEL', 2),
('jC6oFPrnH8C3OrnWaLppZfdwg6Appy', 2),
('jCfa2pRODMrguKmB9IgJ0yYfleoks0', 2),
('jiA9UXjemvIx2dvdwbRt3OB89clM4m', 2),
('jj2TGsy2sLtVAxSe6QWOLaN71Nvyjf', 2),
('jjmYUMWdGDQhLN0ucP2BekPVTuYLPf', 2),
('Jok8DF4dvFAYNE0V4o1fwAQYHzY3ps', 2),
('JrxOAwoC90bumnv8UsNcDJP4tyzM8P', 2),
('JsgSmn33Qu4WT2GLv8YO8H3Q6hRanR', 2),
('jSMTOFstUaSBbrutIoUwfAbqn105pG', 2),
('JwxyUHgTOiXNlgLQX6c2bqvFcJ9ASS', 2),
('jxJO3RJxbc2XOtq2LpkTJJ0N9nPWG1', 2),
('JXljJEuWi2ziWGP5AZL4GEngGG6szv', 2),
('JyqTzMLGhc7jXLErhYCaZJhHsMVu7C', 2),
('k4aUKJFj8s7R7L2JI3ptau7Xg9qbai', 2),
('K4RjD7BDUjlrFyr7RP6gR4QCKrH9ro', 2),
('K5HSRAmazXM8ngDXHxwQmUN5eOaCgs', 2),
('kA3xjfxSoQZMfLvuOaxWwLDVVz67m0', 2),
('keePNUbi7DUV61aaQCjeX5qFpRjk4y', 2),
('khpr6ilt6e6WkHGwsAlQVgeL09WRbH', 2),
('kiGf4FXmIXUZTo2St4QTbIfHX33vjl', 2),
('KIyNguFo928XLnl1OkqpsVKedFao40', 2),
('kj1RkXzoTzPAefpLoV84UkkFEWa6Ha', 2),
('kKLbQCIjqCsMRsEw7ZdHmcdSEdO6fh', 2),
('klbDy5oIEuYkeYUrgsbdUkN0fN2IZH', 2),
('kNWM1k12T0oPZPJUGo3TuX1pVV2P3a', 2),
('KO5euk5425cDPsFWW8aSxaxJh87HMn', 2),
('KP12bCwIcQKiNZzwLQc8W67I74ErAA', 2),
('KUTRvJZyQPlvpG0tewhWhOTLqaIKGB', 2),
('KVyOTXaoz6xSkDpsZXu5C4n5hmDaOT', 2),
('kW5dAlOFNMEt1FIQvDUiZVR2tqqrkU', 2),
('KxgG6WWh8wmg6s5qRDdt5VlSk2frYa', 2),
('L65gECNiIenEwNXT7EKkU7AmtOWklv', 2),
('lCwcKCaryxTHQOwxJ3ku510UfoR9Ca', 2),
('liv6qjrTsqZdNuSPrfhWh8n2obgL3t', 2),
('lkBKxQlofe0xpaLwDblhXPQ4TozE4V', 2),
('LkOZdXEQYZJ5b6yfMW34bOGmDcGqWA', 2),
('lLcUHM1x1e2jGQIKAxrgxd8P6b0Gcu', 2),
('LpNrkrzhuNMyuiMXv1QYETH5q1qJOH', 2),
('lQmlYyEtpKpB92vkfwYc3uP4T5aEt4', 2),
('LSGvsYgXzn3p6OZQCfvqtlzr3pa1aq', 2),
('LtEMN0gaWozdywNcHGDs0B9d4U1ng4', 2),
('LyIW7iAERAn1fadEev8fHUlVsIPdyy', 2),
('mA7OMFkJ5dq9saz9SRsSIyYmoqmb0E', 2),
('MbreVaasGiMMr0YWjPT3K1rlErDeKM', 2),
('meefFiCoAjmlTiKNQRds1lxOxcIl8A', 2),
('MF9wl2qNSCaxB89jHiLNgngjW6apT0', 2),
('mgfSSrAK2Mux6VLdaOvtTD1hrlynVD', 2),
('Migtl8hSpTUmE5WZbhVMf38h4cXMv2', 2),
('Mij7cIrfObOk2rrW148sMouCgzEId4', 2),
('mJSzH7BBZJbHdr3xbrYdMqvFi1eFS1', 2),
('MLfJ91Y1gq1nOXZaf8vpPMpFV38oE3', 2),
('MlPQS96dHfUZZcsG3SRywomxrweHt1', 2),
('MvmGoXuq04dR2MPGnwPN5WRU0X3TtN', 2),
('mxTEraWEpZeNchGWsgbz5e7U9Uns9J', 2),
('mYKmH0GmuCQHXcovGLV9nc4xQxYTm5', 2),
('Myt6HJcN8dYQt9ySbkQ0RR1aq9rELr', 2),
('mzxulvJCdkv5eBSsIQsEVV4QhiC42n', 2),
('n151N7kBE4vZTEbF4q6s7hmwN34hMf', 2),
('N63tKgWc57HKxD61efTvWxHHg1FN8n', 2),
('NcgHMC9a3UCCCGO8Uy8iBC0Bb5tJM2', 2),
('NEXQak9UUzoySTzP6zKUOobOlfUqht', 2),
('nGnUNzHsQJ6UaW00WYCtVOWiFk0Y7W', 2),
('NHUTY1Hr70kPg7HhV1zrbRnnq5TH7x', 2),
('nX3QaM3yh8QbrVVEu5yZBXE6MizQqo', 2),
('o21n7jjNRNT65YMqNpFjNQfv5Yxcqn', 2),
('OBKB691GzVzbUVzmcLfKYtRV6TA9Hn', 2),
('OcXwGB9cbEKzqmtFWcGsqnMworPKVC', 2),
('OcXydtYRxJjyUELXszXX6jiWY4rD14', 2),
('OfUQfB5ImDu6Qs2mOGxEJOs8CmxxRc', 2),
('oGik5ED6qbobgKoNnXFSwdGRfHWODJ', 2),
('OIFsKmKZ9e3njwptXmLZI4ETIFdmlB', 2),
('oOyI7gMsvcFYFyo5RIixJ8Q0REW6Xc', 2),
('op0pnG98j8Ew08uGDFG0qhWdJSvP6P', 2),
('OPbKE9LshB9Xz5Ta8bT7K9dfRcRUPz', 2),
('OPCe78NkcOqSPD7CEpnV6Sv0Rt4wSL', 2),
('OPntPviCKDVjzwoyC4RUUCdsMXGXe1', 2),
('OqxwReSICfFyDTsadhg7ztXxB1ajsw', 2),
('oqzqvPGNr96FneapqAtH9q6cbDRd1a', 2),
('Ot6RPkJIxJOKeSmT35vTi1V1tCM2l6', 2),
('ouQUydWf3EtjbNw2pMbuuO426TG33N', 2),
('OuXJfgcaJxTQiJXHIF4GkMcmzmI8yb', 2),
('OVv9qC3902t6L492uztjufwTuEDFQU', 2),
('oWeYfbHiZk5a3E3kEDx5z3thedTqWu', 2),
('oXWOPlhw8HSJO6ONBCuEWRWVO814zQ', 2),
('OYK9b6Au74HYXWbNjLp8EDNO9Ex9jT', 2),
('P988PGDCS2vsf8ip4CYtdcePBcA3b5', 2),
('P99RGbd1VqHSKHIvfBJsoNyN3x9Qj9', 2),
('pbGrCKSYFXb7vytEGMS8PcrroxDlQB', 2),
('pbNTt10kAuYitFNM6nJ08N0J5x8UZ7', 2),
('PjsxcY8OPriTOMOby6txdFqk7MZUE5', 2),
('pL2mtpkRAwN08Z409DTFWaOzpM98hM', 2),
('Pp6J91FpMHfIy4ngXWbQlg3pZ0AImg', 2),
('pqI0CkWwOtkexEu7GPvlaXC3wfWKLC', 2),
('pQINyVryhX4PklZiIuLfm1alH0Y8f3', 2),
('pSldCbmlQg6G5NPxduxooHHd6RDxuQ', 2),
('Pt27P0Xi0O0CfHbp406P2eiDO5zuKz', 2),
('PuaTVTJnWH8KTnQYOK5XuzV3oeORT4', 2),
('PwEvT90RkgHpG4X0tdDjTquCpyV3bs', 2),
('PwFfcK2c6h4RSWhaNJeOItF8bONHPY', 2),
('PwNntiGSFPmYNC8YAv4WIiOMMfYrAB', 2),
('pxefc7351SCy9ykDXL0yKII5ZMLX31', 2),
('pYxwBff9aLBK0l4AfNjaPan8bfkSRR', 2),
('pZ878rA9IIlzu3LgZr9dRHZaZ9oiQr', 2),
('PzDNxL4jGZXRIswbxzrB6iiwu6dvCy', 2),
('q0UubpkWRsEQ7M7iT0wMSN7AowkySE', 2),
('Q6trXOuL1643cHWvU4pWUjoH9911sQ', 2),
('QcUW9FGL2imAi1kv2XL2mXwP9Xk4st', 2),
('QJBVBhkw1QHFtfu3rDQc3hqezFSfuN', 2),
('qk9UOmRvcPGttN0lNBwi5a1JjLCgzo', 2),
('qm7JEHjrdkXZxLXl8An0dsMsJyjTgn', 2),
('qMdKO5Z992WapMEA0GJuwR4jP3RmE9', 2),
('QQWNvfjn8O5brNiy2xMlBVJ9DR9nMS', 2),
('QsS9NGK8CyaWmNopyXbQonfBWipmQO', 2),
('qU0wfw4qYDbNJtD4qn9ujQub8T6s54', 2),
('Qw9ewHJV0WiDaAZj1I7X0BYNyKwr7i', 2),
('r6OIRIEv6gDgxABtr42eYGBJ5kpf0G', 2),
('RanDf5HMOSy4zIspphRSLnXKVEW5qd', 2),
('rcdaQ4bqgbpB5TWPnrAWzgiOUm2Icb', 2),
('rCrXEYRN1rjAOwzOea4bpGIhAQlUHp', 2),
('rDUTai33CtlkHEesSs7c77pB3VgDe8', 2),
('rDz8H6cKYga5aQ0GL2TEaliRuFWbrC', 2),
('RgmlPzgQz7dbnLlszMMh26ohpgelMD', 2),
('RiyeCTC33YHwv7PRc2tbYsq2b1Gn7r', 2),
('rLO15tFjRpQhsEBX66h5u9shjelPPx', 2),
('rLPhD3vqoiT7LgmecO5CdrZIZDZ85x', 2),
('rMTWJ9U6EufsfFW5grcn0Vcwu0Vm1i', 2),
('rPU7e3ORvqCSUGSDRGe19ht6gnNPPL', 2),
('rrfCnjT9cIs7onIvTT8s4pubJTfOyy', 2),
('rsKK15R55rHMcBJtBvs2qBWKwPIrMf', 2),
('rT1DJvbMQxxU7Y0wwIQNjDz7yj2P57', 2),
('RwRpUvznw5VoG6MHTUskTPN6OZUnvR', 2),
('RXQAI9bP7cKMU6ESkz3g64byJOFi6Q', 2),
('ryV9om2tPASVm6AYMuKHQ0EtkME60E', 2),
('RzWLkSr8Ut16oXgHK1lSCpe7ldLEw1', 2),
('S5kRzqHbvJjl5op2QKNyG5MasXTSSV', 2),
('s6zfWvTMHEUj8gF3tPmwpLEUTX463I', 2),
('SBasJQfZbouNEbNrvyvBLHwHaVIiNf', 2),
('SecGsKw7B8pknsURI0TDV3QZ1hhXeo', 2),
('Sey1rhqRRU3eE4lqlKBfbVFUTM67Ts', 2),
('SHEOniN2f93mzw76XbKs9K7vxQmob8', 2),
('sICDexDlYyI32rNcZxFb1XtUEeAXFV', 2),
('SKK5luvblrTfBYUcwX3J8SQy1bPiLx', 2),
('SmKwAwqt45CDDG1hejF1lgG53db3GU', 2),
('SNkYcyEkSOGUngdFosaoqdi6JGzrbv', 2),
('SomapDa7DgHKYyUgzmY7QtNZQnft3H', 2),
('SpnOnqy1PClI8FKNlCZlDoSpaUjhqN', 2),
('sWo9l2k79ESfkQtJJLG4SPV6aVEVng', 2),
('SXBBm92YKO3kTSYOBjYM7phjipyZa1', 2),
('sYRRnKJgm3YtHc1vUOQLEb4OkJgTKA', 2),
('TBHD9xUqfKW7XwgsqgyVx0f5gxiNEY', 2),
('TBWrJOqRMYLRjcht0zBCbxiYCIo710', 2),
('testuser', 2),
('testuser', 4),
('Th7oxGqhcYnV5N42Od3YAOWv9pXySL', 2),
('THUA1JVmfiLIwIowEOfy7ADLUrbUM5', 2),
('tLprCYAbBWSdbbRYo4gvwp1e4ZhBGp', 2),
('TMb20N8tmvBB2lq3iigORXbhimqq6j', 2),
('TnjVBTNsZcrKYBm74ne6rytTOSVMEq', 2),
('tPPbACMcpvbKJEEIQKKZtIyxw5w0o7', 2),
('TUsDRaerRHxSy4C9BeWYTWI51TxfjV', 2),
('tVxvMs8K7ZJBxHWWobLhANCVq8sHb0', 2),
('U1QbmqsCOqdegttUBksgLLSffCHYk3', 2),
('u7ZER4vcVKO2aVHGLchpOf2tX2wg3q', 2),
('UaCFYloKXeFDkKNcmOpXyeRWlyHMeg', 2),
('uau4t6RV34UOTEXjrf3QlAyv7yCa3v', 2),
('UAZEmFZ6PAAiZYBlugBzdFfG2Ystt8', 2),
('uBVeSEJbNjq5IGBpc8Fm2Ee14kbmD4', 2),
('ueQGD9HXe5VDooVt4uhE7FLJsOlDwq', 2),
('Uf3j9hatNpX60EVDlLxKk70L8Dz41r', 2),
('uFDysUoAA2qVMCe9EsyMxPAgHipkme', 2),
('UGgq4llErnpwsu9h3ci7FcmoTExEgI', 2),
('uh99XiHL4S6d236yDr3OhB1ZTxmwbd', 2),
('UiYGi0lHhtFQSCsHnzGrJmNqqSFrFL', 2),
('uMLrgB4rHvp0tTufcuY9wuabumP5Jm', 2),
('UOaMQjWAiFKLlVYbyC8NXVHAfWkIYc', 2),
('uooa6HGBuw0BNsticSpWMQu9492LvK', 2),
('UoSVSjafNL4C4kdvLnQ3tWEvDpAoET', 2),
('Uq6J48DDIyHBTx80QfXyvhyK0YTXCt', 2),
('usmFUCKLMz4QKdyPO4TvPbtD1ikjBW', 2),
('ut7Km1TOH93LormdRnGeDIzeuxDIDr', 2),
('UtQ4RySpMl91UXurkBsxPmbvgCKTTd', 2),
('UYwctrvCQFcKu3qOpBfLGbuhsItoOs', 2),
('uzJ5iO4XHE59GEuvtunwDbEMkrkDIe', 2),
('V0vMUhquOyyvO6MBCSl1CXtisUFuIP', 2),
('v4aI50bMoXPtb3DUnfCqCZqW6yTxgx', 2),
('V57Xani8QNmykfS9cAp2VActmNfe65', 2),
('V6K15HobVTtS1IL76Q2XoIaxcJEr5T', 2),
('vA8EBdbwoegGQv9cBtAx7Bf2jT459T', 2),
('VCLsj1nu2c3Ezvf9ibk44AZir8MoY0', 2),
('Vdn1hFRzQeUgDbODvysHOZPbi8yTt5', 2),
('VfM96dKtBMdbotwJpWnb3kABVnT1mA', 2),
('VHtMB2S2jn3XZSnpJoqMJSXXXkMgfp', 2),
('vkrNfVmQWzdKyOURK1wF0anPY1Nii4', 2),
('VL5UkpfZV4hEqUtfIUSGfiJHZdcOmD', 2),
('vov4IPzYVzblJETyUvMIAlQiHIF5S3', 2),
('vrzkOgZWchnje97kFxGFucBAY6BWSU', 2),
('vTPhS2AgmHQDbn3Jvhlr3KlwRJ0S8j', 2),
('vWKeSOnT6Wb63JKBB6W0lh8x8GBemB', 2),
('vX0BqGPBpbaIKA2ReW9MKTEZkdX094', 2),
('vxQfXs9yCkzmPohnol5UbCwyH7N2w0', 2),
('W1sMM9rg9DfRfTJmP7EKLXhMS1U3xH', 2),
('w2KoQAKBUUX8Q2h033XGoTLARO1Qot', 2),
('w4xOvvqVSlgIxZWg1Abj87PJ9byaWs', 2),
('W5PtLacVXJJQfGjpPS7PqFi0JrSeIs', 2),
('wEDm2O1UBMG0IOuHmUuHsZ6wLFBwJo', 2),
('WgLeQcoOGnfId4MPhz0tZEsGdjf7Xb', 2),
('wjveM5Ext4ExBzZOGr8EVf8ZM5vdvi', 2),
('WuOPJUpix0SxeLHKyzkm1vCEpLgd4J', 2),
('wVdEDxNLX0xYGY38W2n07jsCQZzidW', 2),
('wVNFk42z1PT6JuoDTr6nkfVpNfKUB3', 2),
('WXMSEy1Nj0XMupAyq7FpGWumrhgncc', 2),
('x0re73QpjDcNrTFtkOwd2cN6ZJoNSe', 2),
('X2ZbrTbGkJ2Vv0ST2saOqSlkic08fP', 2),
('x3u8wf9B3Fmi5FIT4xzxXXzeIuTqgk', 2),
('XapbW5ePqw9BNozlRa1NCLkTCgsRU4', 2),
('xerVMR7uOvqVXFTa2P3NX1UEKYNz92', 2),
('xGTzJzbWeqEJxK5tUxAfB1C0o8SmHG', 2),
('xheY9B3mzBqNapyIIqgDLsSbpxEJWE', 2),
('xiY3ieUCMZteT5IEgy3e3oUimyWc5h', 2),
('xQXsXW6VgE5NeIKz22k5GPAkSLCIuO', 2),
('xX2Vp8IGSRjc1XAof0Y4lzxgyFlAbp', 2),
('xXiSodwXnuZmFwutqMujWJeOMiIQe2', 2),
('xYGS8ZqpNJPSZEEfwELfTjNORMc1Gk', 2),
('YA0dbfJg601zG8FSw2I2fPSmfI4Gw0', 2),
('yb8rggPEpcSjlG1WLGelaswEe7WgFw', 2),
('Yh3ZnUZV0zoukAVtzmbVfJ18looSFd', 2),
('YLM6hfHeAtMjVfndRMKabSNZMeqvmZ', 2),
('ylykobjaiebBtvldv1Hm5hy6UTCndc', 2),
('ymE1xWPY9T09KxBm1qqOtQ5ybbXw6r', 2),
('YnBK60zPU9n1YatwwxU3F82uK0oeWj', 2),
('ynKlyWu7L7WqOPlhj57N6ZoJZQ4Muy', 2),
('YqtRKe7fIfBzpzG4e5u677j8xYaelC', 2),
('Yr745hzYT6s2wFO4YOsqFG5TnMIxhc', 2),
('YU2ij8aTs7QMinthIrAaK3qP5QDumZ', 2),
('YugAzRGrnqxqKa9b1m8JRew8yerpDl', 2),
('YWJF5GArG2Jwn2lJAqPtUyIQ1RnRwV', 2),
('Z4v5RFzvfVy4OnqAKP9r5dUTL3wN3A', 2),
('z52KTt0pRm79FSzUSeDlEoVfqMhIav', 2),
('Z6vDegtHWpLn1lp0DmIaNj2XsnLLYP', 2),
('Z9a8BmrbCtc7uLdwYl901TvXD7TaK9', 2),
('zb54W6C41RAbJEX6xCdPedixXUG4ny', 2),
('zc3WYbbgPeX98Q8hhKpr6W1gAkFWgZ', 2),
('zDJaDo5kxsr5HKqB2fytW0zigOXLa7', 2),
('ZdrS8DlQzNahXVQIybfVPpoHUCOwtI', 2),
('zFVCHfhruunBNoGe1KBr5iF0KWQPV2', 2),
('ZK0Xegx5v4vbQb8OA6wTLcU28d6sx8', 2),
('zm0RJLmO65G6FPVMt5fTuKyjQ7uD2B', 2),
('ZOvrnVIBmUrcoYnSZOESs6SawKLjPn', 2),
('ZqWX3T2UP7sKlQ7gLUlp3XByrb6DZw', 2),
('ZRuWP39lAzdQbPPFyCmZW3wISWmbmE', 2),
('zs2idN0ZEYmK6tEsD23r8dO2tLIQgG', 2),
('zTnb9Tas4XCEUmOmHTClcwiNBX9v7m', 2),
('ZyggHtTWVmBcX5n6Tqpu6oX96dd4It', 2);

-- --------------------------------------------------------

--
-- Table structure for table `player_skins`
--

CREATE TABLE `player_skins` (
  `id` int(11) NOT NULL,
  `name` varchar(255) NOT NULL,
  `display_image` varchar(255) NOT NULL,
  `background_image` varchar(100) NOT NULL,
  `description` text DEFAULT NULL
) ENGINE=InnoDB DEFAULT CHARSET=utf8mb4 COLLATE=utf8mb4_hungarian_ci;

--
-- Dumping data for table `player_skins`
--

INSERT INTO `player_skins` (`id`, `name`, `display_image`, `background_image`, `description`) VALUES
(1, 'knight', 'knight.png', 'knight_bg.png', 'The most common soldier'),
(2, 'rogue', 'rogue.png', 'rogue_bg.png', 'Beheaded his own master. Imagine what he can do to you...'),
(3, 'samurai', 'samurai.png', 'samurai_bg.png', 'Bound by loyalty, but not by law. Beware!'),
(4, 'entity', 'entity.png', 'entity_bg.png', 'Zero identity, defined only by its boundaries.'),
(5, 'butcher', 'butcher.png', 'butcher_bg.png', 'Once a surgeon of the flesh, the Butcher now harvests screams, cleaving through flesh with chilling precision. The past, forever stained red.'),
(9, 'bull', 'bull.png', 'bull_bg.png', 'Tormented by visions of the slaughterhouse, the one bull broken free now wields a weapon in one hand, vengeance in the other.');

-- --------------------------------------------------------

--
-- Table structure for table `player_skin_inventory`
--

CREATE TABLE `player_skin_inventory` (
  `player_id` varchar(255) NOT NULL,
  `skin_id` int(11) NOT NULL
) ENGINE=InnoDB DEFAULT CHARSET=utf8mb4 COLLATE=utf8mb4_hungarian_ci;

--
-- Dumping data for table `player_skin_inventory`
--

INSERT INTO `player_skin_inventory` (`player_id`, `skin_id`) VALUES
('03ZRMl8QysToVgTt8XSnN1hs2hYtgd', 1),
('09ISFkJD70F9C207pl6qnXxRjuxUEY', 1),
('0cFGOA6mX0KMz2ZOVtc7SYSdM8Nzh4', 1),
('0CnoijoaByupEmfxXtoPf092jafFxR', 1),
('0CuTn5E7wWeECizIfL4nNb8suRk9w0', 1),
('0goPIiE2qD91gulh6lbpeMtYTn1JKd', 1),
('0Iw4qEQI96eHZPfvIdz6Sr3KLunF2Q', 1),
('0QCBxo4w5fRAE2MBNMBagPcX3pngaQ', 1),
('0TLtiehhoj9idfLmyXBq2XKd984kHR', 1),
('0V7mjbANUUS9V0PprREHRCpfIn5E4E', 1),
('0YEmpBDtadIaajWFIyhxFaWZBTqqy0', 1),
('12Eh41xf6eb3r4jTykDq0cNfwRLZmh', 1),
('1EkXkIzB2ZOFbRJF2QMZxLWm8R2ZgR', 1),
('1lUID8EWmx2Qb8rywovQkVHEemlpwH', 1),
('1NPlJ5Cniw8I5o8d7pi8I9jZPhQWCK', 1),
('2AeYxugcanMHOhlMHr99ybqsWfKfjz', 1),
('2iCDPV7DKEmOuo9ztufBvRzoW0k4T8', 1),
('2IjtcF1OP7N8fvNeDk9SzdooB15a7Q', 1),
('2LuZB0bLRqzTAtKVri2wVw3rxushov', 1),
('2TNVW577AIXyW5saUDjS9k4HGd1CAA', 1),
('2XYx6xJ4yUmrXczGIQZCFNwdgqWYvT', 1),
('30392c3bHQ5gD1lIXvXmKcZZbLXGkg', 1),
('3049v2p5hb9RxpJSRColIsglvHh4Qo', 1),
('36gMfjZiK6x6B7oVeDlZYY2LnYq25K', 1),
('3bAjMyFH1HIyyoR3ZSGGl5Rr0I3vte', 1),
('3dqiXHv681Cs6Yyov8fnOb5SAqWtUq', 1),
('3RGQFQ5Itck1Q6UJq1AhYHEZnA8dio', 1),
('3rVVhmwPJMHQwCT6Pu1D223E067F4o', 1),
('3VCDZl9K2Cq1SKLqLf8wIvolWNCy3s', 1),
('3zacttDeWhn0gD2LlFw0N79kPS3BGw', 1),
('3Zmy6WRf9Uz4HNg378WTFAEXZqtVjG', 1),
('41MzIz2LrxI0X4A8EL4xnj5DUEaxOU', 1),
('4AS7oFdUm55IBjZUIANxFSQAa0YuHF', 1),
('4BFQ6pSf9D83DWMW0mHrlv1cRRzt6N', 1),
('4fsd5358PYtxBxoGxyUDa2qftinj43', 1),
('4IWlmMC6FSmHQ6yhhXgp93lOG63EEP', 1),
('4omfx4KR6Yks52PPf5qHsfZ8CHxHzC', 1),
('4uP4prDZpEiLUTHCtRkRd1pPP4wYQH', 1),
('4VoWRGAeptxcrgA8b0ySIZp77HWaDT', 1),
('4xcZSPSz3O8O47yEqUptiB9m4Q1K6r', 1),
('50L0gQDuKNDCX98mz4b5BMxyey6xsq', 1),
('56G82mDPc55yfcAHXkIzHsy7vHvA9V', 1),
('56WjXjZSCUq8DfC1inKaTjpWUOnvv1', 1),
('5e2C1gUZlve1T5Bvn9lCn2x9OwUt1T', 1),
('5GSjVeCVMW3bR91U1wze3eQxQ1UiVd', 1),
('5hde7U1ZXShjlIZCzHRsbtaqFgOp9f', 1),
('5OANCbja2HqacrSNDQFYAVZLpmEHpr', 1),
('5QbCcBHGQNrzaZiNtiQFVrTVJGnRmz', 1),
('5QKVSGRgiLbh6Ok64Xqx1rrANDVKpo', 1),
('5Qlw22B0JSF1PJGv1zgbzXlVUUfmv5', 1),
('5uIIq3q6nD9mnJl4KCBLQ8pRGKDTnf', 1),
('5Z3RndD4JARP5ypZuWscTy0inJvbbD', 1),
('5zHt45nLXBrlRcEXpQPlhrqI6HMfF9', 1),
('693cA3avedsKEw4vtU2bv5QIBxAT8G', 1),
('69jBEfYshSEyIkuO5c1BkdFQhOiWoN', 1),
('6cLOMAABUenKi1zfl6dwxWhIGTmE1Z', 1),
('6f2YPNNfToogI5KGKGFkTq9dItQCOz', 1),
('6GsY4vtynTuXS71bHocVSsKBU9Frcw', 1),
('6hLmeK2ra3rww8Rcvrdhf7aYdOC30Y', 1),
('6R5OLUgyhW1JHbXFSlZTtwW7UgHdbZ', 1),
('6rRBdMsRYIjLo184GSZU3D4fY9otvc', 1),
('6TJ4Ove1Vneee2dhmpIvQuwf6AFfur', 1),
('6toYZAEuCozEkfmtjx83G9q1jV5TMB', 1),
('6UEJ1k5n0AaxqsE1ggQeX3pOIdu8Js', 1),
('6uhlTxEtabzwFHAQkHK0N9gkYw4mMY', 1),
('6XCsxFSCEGrHGxqgem3ykAH4WsoFqs', 1),
('6xobndkZth8mp6a13IhhsHF1ivZjS1', 1),
('6yBpMEAKpHUpkfQzadDXsNACOTUyIz', 1),
('6zRbJR90ryzlJnrwINOklER563hkQ0', 1),
('73aFAI43DlRTVV0RoBbsqtn66GXxuk', 1),
('7aFFUNQL9EfSLCbgFqGJOXCpRJt8GQ', 1),
('7BcZdD58W5rbVU04lRjJu9wYeWSl8Y', 1),
('7Bt9q5gSAUgKI4hxKqOCcX42DkCSOi', 1),
('7exrTGK6ea3snEmZv1ErbQoqHY1xqh', 1),
('7hMaCrrGYIMhlvXzz6swzi299yKmwJ', 1),
('7SNA8ZYZ2L7Bdtz7i1ZXlJ5UONLSKQ', 1),
('7TWGwZ4anzr04S7sPQU3qYI8WdbAJl', 1),
('7vvVF8N3TeaxiXiEq4YIrZx5dQ0KYE', 1),
('7ZNz5wwND4LqTtTmf5rnztp1Oo9QCh', 1),
('7ZUb3KspOrl90nXfD1ac63DoNcYfJs', 1),
('85yHuB2upqmBmRYmuUQOk1nQC1ePtZ', 1),
('8BN1SJqx8bWfNQ8zLK0VtGeWLGQdEY', 1),
('8fFnfV7stvtzUVKupwMN5KfOTlP4Z4', 1),
('8lWUlHy22YahjfafmQLqSrN0Kc6Q6T', 1),
('8TNm2HnTzi6wI2mMzaKELfL1B0WIf4', 1),
('8vdFW6hHXMexeKPAY0Ft2pGsdZVJTR', 1),
('8WFO0LQSR8qASzcByOwORSH18yvgsG', 1),
('90kNftp5rcQRSu6LBFuLAW0dsdbn3J', 1),
('92b8ObGzeJs9M7KjRVRrF1MOmjv1YI', 1),
('94XxttdC4OZtccFGHGjQKOMXI0VGZI', 1),
('9dGQFZuwmzjGyQleFen7kgWA8j0a1F', 1),
('9jmRnR1FSfmvVqjuKrslRnJmkrvqh9', 1),
('9Niqpd4DRvKybcggGLQZHqVXqTXXQ0', 1),
('9s9KoNaxJUcotC4AuQ7bk6TpSFD8g1', 1),
('9ylXLgnosmBqHGWauqV69NeOsclIUv', 1),
('9z7NnLqCKLNzEfSGrcPp23yHB2h5M5', 1),
('9zu5mLFQ7tfmRywdVANVQKgrXs2lVk', 1),
('a2RCGXBIul9NXNNRKnEl9HlRejZqPN', 1),
('A38P4kUSxSaVTddzMjehHgSIW5SNsW', 1),
('A5Hj6Q5cdSlSytZZRccEtW4ULcvIfT', 1),
('A8l09lVz57wIFUmCo9UprBav2vQkJC', 1),
('aCMGxi1vcMeqzZtN0gKa5ZWluKu255', 1),
('af70ROTK5aHJCvEnpPMeR9ykCHBZ3B', 1),
('aFuK26qRzvObqJopWSOzzNZfZBkzBU', 1),
('AGz13RU28jDWKtxcNW93IOHW2FCnxw', 1),
('AhPtdqOnKkbeG5w0jfVbBTWtCKNUag', 1),
('AIO599Y6AbxrLTNry6CtH87s3Wqc67', 1),
('aiwklMWtpSkIqwPVRaGStV3WFCQKCE', 1),
('aJfHg9Lpasbs5MPkI667AtiW2dg6yH', 1),
('AMJjMgbekk5arWWjedts64RvVX6rhU', 1),
('AnefQ2aOCz44uQRVguwMyVo45jbfaK', 1),
('aPNoSGSL91udjZbD7MjBShF8zLSfAg', 1),
('apxF1OukNVQ88eOof7scbeX6GzmdWa', 1),
('asdf', 1),
('ATXy5IxZsNETq7ECm71naV2xAj1w40', 1),
('AvVyVTBmJDLLRSBZF9Tg9ISsVlcWRu', 1),
('AxoCGaw60UD3Y7U9dzajtuTYYoV44m', 1),
('B0BpfmCEKKD0HFmXkYGXfwIVPmxNVZ', 1),
('B1GDmPR4Uze2AEdwGBs6Z090I34caf', 1),
('b3CgV46ZDmOSMCYOVJurj141hKqXeF', 1),
('B6IRFZFcvsb6fOEbbYtXf2Vtfyzg7R', 1),
('b7r8rFBLsgOMIJXGpLwJdQ7aSqkitF', 1),
('baJDScUw5j1sAROQajzLKOFujL8seJ', 1),
('batyuzo', 1),
('BAxoDWIoarSV2QA1APgluf6n0vhwEZ', 1),
('baYEQWnHeVfDthsqMBKNA2VBNMFYOy', 1),
('bcWjNN4rmulqjmM8GekBpRp32KzB5H', 1),
('BEGeUle0h6Xz15Z5GsqkAXDsJ5FCm8', 1),
('Bfbn3hGaaEamLILafEvN87eCPqSwWh', 1),
('BiPvEUzdhwmYseNPBOWLRMY4l9NNlv', 1),
('BJaiKiQmtsnMp9VP4oHwGW5XYJtYcq', 1),
('bkdA4VUMcnlGakTPb613Mf1eYPOfyu', 1),
('bKvMYutv7Z3BXxwC0tWrE52P5W4DEy', 1),
('BlSKXxwu9wPzv90zBHD18m77V61ujh', 1),
('bngIto82SE0wicwPrlMGphRfTwMlAY', 1),
('bnRDZXfAfwQEt4A7haU7fuNHqntIj9', 1),
('bPHWT4DvbsL0nRdpO3fkSRMF85EtSg', 1),
('bPZIJtCWtUF0oLIlCi3PUuMUIxvok5', 1),
('bQFeB6KWyJpes5g043EIj3orO5Mt15', 1),
('BqUlr6BHV2l4REMGGuuGIxprzw7J3d', 1),
('BSaXO1IUia1cLmBQwajzcQRKewZx3b', 1),
('bTwNugJ5hITyG8WORnPKpdsRjlxc9p', 1),
('bxbD8xkcbnPtDSJJzwJoPYEKEUhBDY', 1),
('Byr1PXfXcaTpi90fcKETA55LIXZmvB', 1),
('BzYj7S9Wenh0gsyD3hDGL48BTrLar1', 1),
('c0LBhLkvRjt89Qg10k2De0cohJudI7', 1),
('c3cBsDV5MCOappxXQtStT8w4samuvN', 1),
('c5khwDfFjzcSiRsqjtOFQtUGgU3vRq', 1),
('CBLYdqDiONafoIUzIQ17XsCwwhsx9R', 1),
('Cf4ED4FoJCD529AAcMnSQANiLMnUF3', 1),
('cfcTrjdM9IIIUrDdwEPt9ivLjNEd9i', 1),
('CIMwd4IiDebCPOf0n6BqMpn1U9hyyp', 1),
('cJJVH9SUrNFklOMH1azUhnbs7WwBqi', 1),
('CKRgzYDJhK2oRpRn6HO9wFBN7UIngA', 1),
('cLzmyLkwuAdXwXDSgmY0pBOz262OxR', 1),
('cOgJGSbSEGjLDUvWLmNn8WT8B7HQ5x', 1),
('cpcyVCQAX9huESkiwChhZm6sJQYBdf', 1),
('CRXfHjpDOoBxcUtM8HqSeTwksMwDMB', 1),
('CSGANwMnLWrURO6Ys0CEWxNEIaSvQL', 1),
('CSxMH7kkBngonUcNJ7zGo3w2BYFbRh', 1),
('cUHANLqcZvoHWtaWfHCdU4SZQGKAVC', 1),
('dakJ3DJYLuDkWVYr5BadSfxFbmNysy', 1),
('dCRTZWzJWKznw4oGETFCJU07BiIgDg', 1),
('DdD68LJ2Y0G0WC5J6kNbNNMQvOv8qk', 1),
('dEP753i6NMt04eZXw80CzI3CxawnmW', 1),
('DeWqzPBNskqUbly0jLdoMuMFRFUhEq', 1),
('DFK4IqL02WtA4DYtW0mA0g7uALYYDi', 1),
('dHoE6dV7VGwGUWXsUxomMnTsDtYEYA', 1),
('Dl5LOpy95ClfM5YwQyxONW0JWQJRRH', 1),
('DLHWG001a4O3Vj7uti58SLbH1Ialiv', 1),
('DlkvrEfAhSSci9QSQUMGPO07FHto1T', 1),
('DOfDpygZDoHaxNM4BlaJFHRLlJsdtX', 1),
('DRIr0baZT8XDkT8tbePvCyqnFxC5FF', 1),
('du97n3v5AfD58HE2o8AfGcyffIGEDW', 1),
('Dupr463YgwUE7wNSOpMmJrr8lxHuYz', 1),
('DvpLjkGmabU03mX7fmaxrs9YBe1wMb', 1),
('DwFYc7AYfKusSqQorDvQ3X04Habqtq', 1),
('DXDevM3SDrsGCGNOSlorJxaWS2lcAc', 1),
('DysFJQwXAmhcTiV2d7KaFds0DmXKjb', 1),
('E1XXhVvZOjFhDQ8yXoongZP6X3IcJn', 1),
('eCWkHelq8ZjsnJ3lFUDIdgWpQitJET', 1),
('eeElfhhu6KMrWSBfE3nR4IXcUJjfWJ', 1),
('EgZ4m4QB4habvQwvJ5iEzAp1JE1yDK', 1),
('EHrV1uqPGhVUwvq84PSWdEmFirB84F', 1),
('EJNNzDUSpVWYIzD2C1U4pGgViLZt4O', 1),
('eNNiwMGzRFBYtRkIxKGvqGdHBE078i', 1),
('EnX6PWrtEbm0N943qzIWNNRbpY8fyR', 1),
('EojI6dUba0zK2zVdm1x0VpBZVCAaSg', 1),
('ePcTc5FXko8eqcC1oSfTti5BraOsE5', 1),
('EprPevfUX4b556iqp74c2xykrm7L0J', 1),
('ESwJsSGurAB2LZQeZnOTyUGD4wQjpx', 1),
('EU6rbasMJjr44XvM9K05Aal4ES6Xxt', 1),
('EupUCSKAV0AaBpWrL5FwMnfRw25FeC', 1),
('EUvPXF8sK9rOtfOCKrWmniAsmAff02', 1),
('eV48vLNpG9WBuPOVXmJMpvPLIavxdw', 1),
('eVYxtRauyswidwH2DzMiR2fFIOmiiD', 1),
('EWnAINLE6VLpdcLOCtpLrP1Hkal7y3', 1),
('eZJ4hhCXxcmzu0Chss2lxJmURCpFsW', 1),
('F0OgQcAFPcdJYOrCiHEhJZs0a5eAIB', 1),
('F6E6SKTykzuPjLHrDuY5RfYhkysugd', 1),
('f7hlwvZOgcXcYa4stnPHnIiYWEJ1JF', 1),
('fdjdVy57Kc7u7Ri7RJwdI3zn7FlWPy', 1),
('fMikzT4RNgwpOGu7FW7maOhfS2cIfO', 1),
('fnaDEpFUPbGU4m1lhQF98nZ51tSKmr', 1),
('FQBGUVwGnuAs93z0ecNGHZVPsCTEnU', 1),
('fx2G79Kykj08ghMWEFBL6kI9bEHfV8', 1),
('fYltLU4wsCsIA1srHIQ1RiJKRK2oPC', 1),
('fYyl8gqqtUombXfbPR6IkDIHSInhj6', 1),
('G9CcEfiiq2axTTndQ7FrHQR9jnasMM', 1),
('GHT2MMgTXHPzPbVzHZE0x1XsRHUh3e', 1),
('gIaocSQvsDBJ7BAfMcnahuoHCSVdmm', 1),
('girmany', 1),
('gKBJ4jmKJRu5n5vUS1qG3FKJJyQjyz', 1),
('gkKxvHqCg13niKrkn9wjwPaZtpJYrT', 1),
('GMALJzeqG4S4E0Sc2JrZ8sPvJ35wLC', 1),
('GMHsBXqDGYLUda4n0gv1BFRsLoXs2w', 1),
('gNTrgbzgCkcm2GWaoZ0xuFTkUgSCT8', 1),
('gpqWaCZSrm4HMq5QZu7bsdkOtH29MJ', 1),
('gsIEAmeaSEpvakv2UCK7ifYEijBbNg', 1),
('gUas6baeTY6FxgzTtpbRGPzQujVA2L', 1),
('gUFjOSgyvmHT08mrnAuNhMcqIB36Kl', 1),
('gw41fB4edv7UZfk5962tnvUNN1wbvs', 1),
('GXp9Qgjmbqh9IVxk6Aatn450BbMxdZ', 1),
('GzLxadUZQKsbHLQ6eRvlBKB7y4b7Rj', 1),
('h1k3KuRA0ois0CEPUSILZfRKcLZ0Wi', 1),
('H3WUHyCh9jB2O8MkGQAnqNsbUzsIPs', 1),
('hEkeJNMZTRfe8SPDO63fm6wWkNmq2U', 1),
('Hi6es8ioJnrVD5t2D4RizFxxEXraUB', 1),
('hSTkZ43lCjx5EvwYdWqJmRVjfKWpeu', 1),
('hUOJsYFAJMdHXbGrZiKE79ds9WjiPr', 1),
('HXn78rGRapWpxsGYFwb4ylWabA0SQk', 1),
('I272zqw2YVl1VuquCB0f5lKIxodbaQ', 1),
('i2mXJ1VHEJPSiML3CHJfATa0xvdGyC', 1),
('I3ZaMA272LgTgUJPDwDoosDZjDXLge', 1),
('I8asKttnQ1lb8cH67OdcQiyDJ87e1n', 1),
('iAy3L0El84VAQbbRtO5EBbuS0wY0GK', 1),
('IbpMo1lCA8D1bRXNRgTVN6WgPAZ0dQ', 1),
('IeiOiwEmdo3AuFKKMke1dV8HHUWVSW', 1),
('ieMO6cIFIJeHhIF93iDJ9Pi67Jp3i6', 1),
('iILsSI7GS8PM6kqOoaogYo1FrTbo7O', 1),
('IJXgK0eIwBm2iYyRKB1QOzNIoRk8Nm', 1),
('iJxUgtpcVmG5HtrmIpkOcSa09zavBx', 1),
('ik2BkCzOB9pJgIuXe767zZnPYCqk3s', 1),
('IKuX2Uz3N0BQyI1asQUqeruhFDciz5', 1),
('impIbuZJFvg79KdEnPqkAT3cnYgeTt', 1),
('ioVJ2aJ1iuZR2pX500QCOLtrFtyx3R', 1),
('IPFZQUMa2shIpSmz7Yej9Me6km5ZA2', 1),
('ITgXzC6q5ZfBgqzAl2hgGYClmuqolZ', 1),
('iwMTTmwzdmGBz9AaTfeB0h1mkGXNSF', 1),
('J2dSgOsmxhqekerDOGKkoOk7YLgu1W', 1),
('J3Wt7Evjg1VZ7IvUOwBkKtlliQZfpj', 1),
('j6IkJGyjM1uEAZ2YspFRQK7CSo2BEL', 1),
('jC6oFPrnH8C3OrnWaLppZfdwg6Appy', 1),
('jCfa2pRODMrguKmB9IgJ0yYfleoks0', 1),
('jiA9UXjemvIx2dvdwbRt3OB89clM4m', 1),
('jj2TGsy2sLtVAxSe6QWOLaN71Nvyjf', 1),
('jjmYUMWdGDQhLN0ucP2BekPVTuYLPf', 1),
('Jok8DF4dvFAYNE0V4o1fwAQYHzY3ps', 1),
('JrxOAwoC90bumnv8UsNcDJP4tyzM8P', 1),
('JsgSmn33Qu4WT2GLv8YO8H3Q6hRanR', 1),
('jSMTOFstUaSBbrutIoUwfAbqn105pG', 1),
('JwxyUHgTOiXNlgLQX6c2bqvFcJ9ASS', 1),
('jxJO3RJxbc2XOtq2LpkTJJ0N9nPWG1', 1),
('JXljJEuWi2ziWGP5AZL4GEngGG6szv', 1),
('JyqTzMLGhc7jXLErhYCaZJhHsMVu7C', 1),
('k4aUKJFj8s7R7L2JI3ptau7Xg9qbai', 1),
('K4RjD7BDUjlrFyr7RP6gR4QCKrH9ro', 1),
('K5HSRAmazXM8ngDXHxwQmUN5eOaCgs', 1),
('kA3xjfxSoQZMfLvuOaxWwLDVVz67m0', 1),
('keePNUbi7DUV61aaQCjeX5qFpRjk4y', 1),
('khpr6ilt6e6WkHGwsAlQVgeL09WRbH', 1),
('kiGf4FXmIXUZTo2St4QTbIfHX33vjl', 1),
('KIyNguFo928XLnl1OkqpsVKedFao40', 1),
('kj1RkXzoTzPAefpLoV84UkkFEWa6Ha', 1),
('kKLbQCIjqCsMRsEw7ZdHmcdSEdO6fh', 1),
('klbDy5oIEuYkeYUrgsbdUkN0fN2IZH', 1),
('kNWM1k12T0oPZPJUGo3TuX1pVV2P3a', 1),
('KO5euk5425cDPsFWW8aSxaxJh87HMn', 1),
('KP12bCwIcQKiNZzwLQc8W67I74ErAA', 1),
('KUTRvJZyQPlvpG0tewhWhOTLqaIKGB', 1),
('KVyOTXaoz6xSkDpsZXu5C4n5hmDaOT', 1),
('kW5dAlOFNMEt1FIQvDUiZVR2tqqrkU', 1),
('KxgG6WWh8wmg6s5qRDdt5VlSk2frYa', 1),
('L65gECNiIenEwNXT7EKkU7AmtOWklv', 1),
('lCwcKCaryxTHQOwxJ3ku510UfoR9Ca', 1),
('liv6qjrTsqZdNuSPrfhWh8n2obgL3t', 1),
('lkBKxQlofe0xpaLwDblhXPQ4TozE4V', 1),
('LkOZdXEQYZJ5b6yfMW34bOGmDcGqWA', 1),
('lLcUHM1x1e2jGQIKAxrgxd8P6b0Gcu', 1),
('LpNrkrzhuNMyuiMXv1QYETH5q1qJOH', 1),
('lQmlYyEtpKpB92vkfwYc3uP4T5aEt4', 1),
('LSGvsYgXzn3p6OZQCfvqtlzr3pa1aq', 1),
('LtEMN0gaWozdywNcHGDs0B9d4U1ng4', 1),
('LyIW7iAERAn1fadEev8fHUlVsIPdyy', 1),
('mA7OMFkJ5dq9saz9SRsSIyYmoqmb0E', 1),
('MbreVaasGiMMr0YWjPT3K1rlErDeKM', 1),
('meefFiCoAjmlTiKNQRds1lxOxcIl8A', 1),
('MF9wl2qNSCaxB89jHiLNgngjW6apT0', 1),
('mgfSSrAK2Mux6VLdaOvtTD1hrlynVD', 1),
('Migtl8hSpTUmE5WZbhVMf38h4cXMv2', 1),
('Mij7cIrfObOk2rrW148sMouCgzEId4', 1),
('mJSzH7BBZJbHdr3xbrYdMqvFi1eFS1', 1),
('MLfJ91Y1gq1nOXZaf8vpPMpFV38oE3', 1),
('MlPQS96dHfUZZcsG3SRywomxrweHt1', 1),
('MvmGoXuq04dR2MPGnwPN5WRU0X3TtN', 1),
('mxTEraWEpZeNchGWsgbz5e7U9Uns9J', 1),
('mYKmH0GmuCQHXcovGLV9nc4xQxYTm5', 1),
('Myt6HJcN8dYQt9ySbkQ0RR1aq9rELr', 1),
('mzxulvJCdkv5eBSsIQsEVV4QhiC42n', 1),
('n151N7kBE4vZTEbF4q6s7hmwN34hMf', 1),
('N63tKgWc57HKxD61efTvWxHHg1FN8n', 1),
('NcgHMC9a3UCCCGO8Uy8iBC0Bb5tJM2', 1),
('NEXQak9UUzoySTzP6zKUOobOlfUqht', 1),
('nGnUNzHsQJ6UaW00WYCtVOWiFk0Y7W', 1),
('NHUTY1Hr70kPg7HhV1zrbRnnq5TH7x', 1),
('nX3QaM3yh8QbrVVEu5yZBXE6MizQqo', 1),
('o21n7jjNRNT65YMqNpFjNQfv5Yxcqn', 1),
('OBKB691GzVzbUVzmcLfKYtRV6TA9Hn', 1),
('OcXwGB9cbEKzqmtFWcGsqnMworPKVC', 1),
('OcXydtYRxJjyUELXszXX6jiWY4rD14', 1),
('OfUQfB5ImDu6Qs2mOGxEJOs8CmxxRc', 1),
('oGik5ED6qbobgKoNnXFSwdGRfHWODJ', 1),
('OIFsKmKZ9e3njwptXmLZI4ETIFdmlB', 1),
('oOyI7gMsvcFYFyo5RIixJ8Q0REW6Xc', 1),
('op0pnG98j8Ew08uGDFG0qhWdJSvP6P', 1),
('OPbKE9LshB9Xz5Ta8bT7K9dfRcRUPz', 1),
('OPCe78NkcOqSPD7CEpnV6Sv0Rt4wSL', 1),
('OPntPviCKDVjzwoyC4RUUCdsMXGXe1', 1),
('OqxwReSICfFyDTsadhg7ztXxB1ajsw', 1),
('oqzqvPGNr96FneapqAtH9q6cbDRd1a', 1),
('Ot6RPkJIxJOKeSmT35vTi1V1tCM2l6', 1),
('ouQUydWf3EtjbNw2pMbuuO426TG33N', 1),
('OuXJfgcaJxTQiJXHIF4GkMcmzmI8yb', 1),
('OVv9qC3902t6L492uztjufwTuEDFQU', 1),
('oWeYfbHiZk5a3E3kEDx5z3thedTqWu', 1),
('oXWOPlhw8HSJO6ONBCuEWRWVO814zQ', 1),
('OYK9b6Au74HYXWbNjLp8EDNO9Ex9jT', 1),
('P988PGDCS2vsf8ip4CYtdcePBcA3b5', 1),
('P99RGbd1VqHSKHIvfBJsoNyN3x9Qj9', 1),
('pbGrCKSYFXb7vytEGMS8PcrroxDlQB', 1),
('pbNTt10kAuYitFNM6nJ08N0J5x8UZ7', 1),
('PjsxcY8OPriTOMOby6txdFqk7MZUE5', 1),
('pL2mtpkRAwN08Z409DTFWaOzpM98hM', 1),
('Pp6J91FpMHfIy4ngXWbQlg3pZ0AImg', 1),
('pqI0CkWwOtkexEu7GPvlaXC3wfWKLC', 1),
('pQINyVryhX4PklZiIuLfm1alH0Y8f3', 1),
('pSldCbmlQg6G5NPxduxooHHd6RDxuQ', 1),
('Pt27P0Xi0O0CfHbp406P2eiDO5zuKz', 1),
('PuaTVTJnWH8KTnQYOK5XuzV3oeORT4', 1),
('PwEvT90RkgHpG4X0tdDjTquCpyV3bs', 1),
('PwFfcK2c6h4RSWhaNJeOItF8bONHPY', 1),
('PwNntiGSFPmYNC8YAv4WIiOMMfYrAB', 1),
('pxefc7351SCy9ykDXL0yKII5ZMLX31', 1),
('pYxwBff9aLBK0l4AfNjaPan8bfkSRR', 1),
('pZ878rA9IIlzu3LgZr9dRHZaZ9oiQr', 1),
('PzDNxL4jGZXRIswbxzrB6iiwu6dvCy', 1),
('q0UubpkWRsEQ7M7iT0wMSN7AowkySE', 1),
('Q6trXOuL1643cHWvU4pWUjoH9911sQ', 1),
('QcUW9FGL2imAi1kv2XL2mXwP9Xk4st', 1),
('QJBVBhkw1QHFtfu3rDQc3hqezFSfuN', 1),
('qk9UOmRvcPGttN0lNBwi5a1JjLCgzo', 1),
('qm7JEHjrdkXZxLXl8An0dsMsJyjTgn', 1),
('qMdKO5Z992WapMEA0GJuwR4jP3RmE9', 1),
('QQWNvfjn8O5brNiy2xMlBVJ9DR9nMS', 1),
('QsS9NGK8CyaWmNopyXbQonfBWipmQO', 1),
('qU0wfw4qYDbNJtD4qn9ujQub8T6s54', 1),
('Qw9ewHJV0WiDaAZj1I7X0BYNyKwr7i', 1),
('r6OIRIEv6gDgxABtr42eYGBJ5kpf0G', 1),
('RanDf5HMOSy4zIspphRSLnXKVEW5qd', 1),
('rcdaQ4bqgbpB5TWPnrAWzgiOUm2Icb', 1),
('rCrXEYRN1rjAOwzOea4bpGIhAQlUHp', 1),
('rDUTai33CtlkHEesSs7c77pB3VgDe8', 1),
('rDz8H6cKYga5aQ0GL2TEaliRuFWbrC', 1),
('RgmlPzgQz7dbnLlszMMh26ohpgelMD', 1),
('RiyeCTC33YHwv7PRc2tbYsq2b1Gn7r', 1),
('rLO15tFjRpQhsEBX66h5u9shjelPPx', 1),
('rLPhD3vqoiT7LgmecO5CdrZIZDZ85x', 1),
('rMTWJ9U6EufsfFW5grcn0Vcwu0Vm1i', 1),
('rPU7e3ORvqCSUGSDRGe19ht6gnNPPL', 1),
('rrfCnjT9cIs7onIvTT8s4pubJTfOyy', 1),
('rsKK15R55rHMcBJtBvs2qBWKwPIrMf', 1),
('rT1DJvbMQxxU7Y0wwIQNjDz7yj2P57', 1),
('RwRpUvznw5VoG6MHTUskTPN6OZUnvR', 1),
('RXQAI9bP7cKMU6ESkz3g64byJOFi6Q', 1),
('ryV9om2tPASVm6AYMuKHQ0EtkME60E', 1),
('RzWLkSr8Ut16oXgHK1lSCpe7ldLEw1', 1),
('S5kRzqHbvJjl5op2QKNyG5MasXTSSV', 1),
('s6zfWvTMHEUj8gF3tPmwpLEUTX463I', 1),
('SBasJQfZbouNEbNrvyvBLHwHaVIiNf', 1),
('SecGsKw7B8pknsURI0TDV3QZ1hhXeo', 1),
('Sey1rhqRRU3eE4lqlKBfbVFUTM67Ts', 1),
('SHEOniN2f93mzw76XbKs9K7vxQmob8', 1),
('sICDexDlYyI32rNcZxFb1XtUEeAXFV', 1),
('SKK5luvblrTfBYUcwX3J8SQy1bPiLx', 1),
('SmKwAwqt45CDDG1hejF1lgG53db3GU', 1),
('SNkYcyEkSOGUngdFosaoqdi6JGzrbv', 1),
('SomapDa7DgHKYyUgzmY7QtNZQnft3H', 1),
('SpnOnqy1PClI8FKNlCZlDoSpaUjhqN', 1),
('sWo9l2k79ESfkQtJJLG4SPV6aVEVng', 1),
('SXBBm92YKO3kTSYOBjYM7phjipyZa1', 1),
('sYRRnKJgm3YtHc1vUOQLEb4OkJgTKA', 1),
('TBHD9xUqfKW7XwgsqgyVx0f5gxiNEY', 1),
('TBWrJOqRMYLRjcht0zBCbxiYCIo710', 1),
('testuser', 1),
('testuser', 3),
('Th7oxGqhcYnV5N42Od3YAOWv9pXySL', 1),
('THUA1JVmfiLIwIowEOfy7ADLUrbUM5', 1),
('tLprCYAbBWSdbbRYo4gvwp1e4ZhBGp', 1),
('TMb20N8tmvBB2lq3iigORXbhimqq6j', 1),
('TnjVBTNsZcrKYBm74ne6rytTOSVMEq', 1),
('tPPbACMcpvbKJEEIQKKZtIyxw5w0o7', 1),
('TUsDRaerRHxSy4C9BeWYTWI51TxfjV', 1),
('tVxvMs8K7ZJBxHWWobLhANCVq8sHb0', 1),
('U1QbmqsCOqdegttUBksgLLSffCHYk3', 1),
('u7ZER4vcVKO2aVHGLchpOf2tX2wg3q', 1),
('UaCFYloKXeFDkKNcmOpXyeRWlyHMeg', 1),
('uau4t6RV34UOTEXjrf3QlAyv7yCa3v', 1),
('UAZEmFZ6PAAiZYBlugBzdFfG2Ystt8', 1),
('uBVeSEJbNjq5IGBpc8Fm2Ee14kbmD4', 1),
('ueQGD9HXe5VDooVt4uhE7FLJsOlDwq', 1),
('Uf3j9hatNpX60EVDlLxKk70L8Dz41r', 1),
('uFDysUoAA2qVMCe9EsyMxPAgHipkme', 1),
('UGgq4llErnpwsu9h3ci7FcmoTExEgI', 1),
('uh99XiHL4S6d236yDr3OhB1ZTxmwbd', 1),
('UiYGi0lHhtFQSCsHnzGrJmNqqSFrFL', 1),
('uMLrgB4rHvp0tTufcuY9wuabumP5Jm', 1),
('UOaMQjWAiFKLlVYbyC8NXVHAfWkIYc', 1),
('uooa6HGBuw0BNsticSpWMQu9492LvK', 1),
('UoSVSjafNL4C4kdvLnQ3tWEvDpAoET', 1),
('Uq6J48DDIyHBTx80QfXyvhyK0YTXCt', 1),
('usmFUCKLMz4QKdyPO4TvPbtD1ikjBW', 1),
('ut7Km1TOH93LormdRnGeDIzeuxDIDr', 1),
('UtQ4RySpMl91UXurkBsxPmbvgCKTTd', 1),
('UYwctrvCQFcKu3qOpBfLGbuhsItoOs', 1),
('uzJ5iO4XHE59GEuvtunwDbEMkrkDIe', 1),
('V0vMUhquOyyvO6MBCSl1CXtisUFuIP', 1),
('v4aI50bMoXPtb3DUnfCqCZqW6yTxgx', 1),
('V57Xani8QNmykfS9cAp2VActmNfe65', 1),
('V6K15HobVTtS1IL76Q2XoIaxcJEr5T', 1),
('vA8EBdbwoegGQv9cBtAx7Bf2jT459T', 1),
('VCLsj1nu2c3Ezvf9ibk44AZir8MoY0', 1),
('Vdn1hFRzQeUgDbODvysHOZPbi8yTt5', 1),
('VfM96dKtBMdbotwJpWnb3kABVnT1mA', 1),
('VHtMB2S2jn3XZSnpJoqMJSXXXkMgfp', 1),
('vkrNfVmQWzdKyOURK1wF0anPY1Nii4', 1),
('VL5UkpfZV4hEqUtfIUSGfiJHZdcOmD', 1),
('vov4IPzYVzblJETyUvMIAlQiHIF5S3', 1),
('vrzkOgZWchnje97kFxGFucBAY6BWSU', 1),
('vTPhS2AgmHQDbn3Jvhlr3KlwRJ0S8j', 1),
('vWKeSOnT6Wb63JKBB6W0lh8x8GBemB', 1),
('vX0BqGPBpbaIKA2ReW9MKTEZkdX094', 1),
('vxQfXs9yCkzmPohnol5UbCwyH7N2w0', 1),
('W1sMM9rg9DfRfTJmP7EKLXhMS1U3xH', 1),
('w2KoQAKBUUX8Q2h033XGoTLARO1Qot', 1),
('w4xOvvqVSlgIxZWg1Abj87PJ9byaWs', 1),
('W5PtLacVXJJQfGjpPS7PqFi0JrSeIs', 1),
('wEDm2O1UBMG0IOuHmUuHsZ6wLFBwJo', 1),
('WgLeQcoOGnfId4MPhz0tZEsGdjf7Xb', 1),
('wjveM5Ext4ExBzZOGr8EVf8ZM5vdvi', 1),
('WuOPJUpix0SxeLHKyzkm1vCEpLgd4J', 1),
('wVdEDxNLX0xYGY38W2n07jsCQZzidW', 1),
('wVNFk42z1PT6JuoDTr6nkfVpNfKUB3', 1),
('WXMSEy1Nj0XMupAyq7FpGWumrhgncc', 1),
('x0re73QpjDcNrTFtkOwd2cN6ZJoNSe', 1),
('X2ZbrTbGkJ2Vv0ST2saOqSlkic08fP', 1),
('x3u8wf9B3Fmi5FIT4xzxXXzeIuTqgk', 1),
('XapbW5ePqw9BNozlRa1NCLkTCgsRU4', 1),
('xerVMR7uOvqVXFTa2P3NX1UEKYNz92', 1),
('xGTzJzbWeqEJxK5tUxAfB1C0o8SmHG', 1),
('xheY9B3mzBqNapyIIqgDLsSbpxEJWE', 1),
('xiY3ieUCMZteT5IEgy3e3oUimyWc5h', 1),
('xQXsXW6VgE5NeIKz22k5GPAkSLCIuO', 1),
('xX2Vp8IGSRjc1XAof0Y4lzxgyFlAbp', 1),
('xXiSodwXnuZmFwutqMujWJeOMiIQe2', 1),
('xYGS8ZqpNJPSZEEfwELfTjNORMc1Gk', 1),
('YA0dbfJg601zG8FSw2I2fPSmfI4Gw0', 1),
('yb8rggPEpcSjlG1WLGelaswEe7WgFw', 1),
('Yh3ZnUZV0zoukAVtzmbVfJ18looSFd', 1),
('YLM6hfHeAtMjVfndRMKabSNZMeqvmZ', 1),
('ylykobjaiebBtvldv1Hm5hy6UTCndc', 1),
('ymE1xWPY9T09KxBm1qqOtQ5ybbXw6r', 1),
('YnBK60zPU9n1YatwwxU3F82uK0oeWj', 1),
('ynKlyWu7L7WqOPlhj57N6ZoJZQ4Muy', 1),
('YqtRKe7fIfBzpzG4e5u677j8xYaelC', 1),
('Yr745hzYT6s2wFO4YOsqFG5TnMIxhc', 1),
('YU2ij8aTs7QMinthIrAaK3qP5QDumZ', 1),
('YugAzRGrnqxqKa9b1m8JRew8yerpDl', 1),
('YWJF5GArG2Jwn2lJAqPtUyIQ1RnRwV', 1),
('Z4v5RFzvfVy4OnqAKP9r5dUTL3wN3A', 1),
('z52KTt0pRm79FSzUSeDlEoVfqMhIav', 1),
('Z6vDegtHWpLn1lp0DmIaNj2XsnLLYP', 1),
('Z9a8BmrbCtc7uLdwYl901TvXD7TaK9', 1),
('zb54W6C41RAbJEX6xCdPedixXUG4ny', 1),
('zc3WYbbgPeX98Q8hhKpr6W1gAkFWgZ', 1),
('zDJaDo5kxsr5HKqB2fytW0zigOXLa7', 1),
('ZdrS8DlQzNahXVQIybfVPpoHUCOwtI', 1),
('zFVCHfhruunBNoGe1KBr5iF0KWQPV2', 1),
('ZK0Xegx5v4vbQb8OA6wTLcU28d6sx8', 1),
('zm0RJLmO65G6FPVMt5fTuKyjQ7uD2B', 1),
('ZOvrnVIBmUrcoYnSZOESs6SawKLjPn', 1),
('ZqWX3T2UP7sKlQ7gLUlp3XByrb6DZw', 1),
('ZRuWP39lAzdQbPPFyCmZW3wISWmbmE', 1),
('zs2idN0ZEYmK6tEsD23r8dO2tLIQgG', 1),
('zTnb9Tas4XCEUmOmHTClcwiNBX9v7m', 1),
('ZyggHtTWVmBcX5n6Tqpu6oX96dd4It', 1);

-- --------------------------------------------------------

--
-- Table structure for table `rarities`
--

CREATE TABLE `rarities` (
  `id` int(11) NOT NULL,
  `rarity` varchar(30) NOT NULL
) ENGINE=InnoDB DEFAULT CHARSET=utf8mb4 COLLATE=utf8mb4_hungarian_ci;

--
-- Dumping data for table `rarities`
--

INSERT INTO `rarities` (`id`, `rarity`) VALUES
(1, 'Common'),
(2, 'Rare'),
(3, 'Unique');

-- --------------------------------------------------------

--
-- Table structure for table `weapons`
--

CREATE TABLE `weapons` (
  `id` int(11) NOT NULL,
  `name` varchar(255) NOT NULL,
  `file_name` varchar(255) NOT NULL,
  `damage` int(11) NOT NULL,
  `fire_rate` float NOT NULL,
  `semi_auto` tinyint(1) NOT NULL,
  `rarity_id` int(11) NOT NULL,
  `projectile_speed` float DEFAULT NULL,
  `mag` int(11) DEFAULT NULL,
  `description` text DEFAULT 'A deadly weapon',
  `devinfo` text DEFAULT 'FIRE:'
) ENGINE=InnoDB DEFAULT CHARSET=utf8mb4 COLLATE=utf8mb4_hungarian_ci;

--
-- Dumping data for table `weapons`
--

INSERT INTO `weapons` (`id`, `name`, `file_name`, `damage`, `fire_rate`, `semi_auto`, `rarity_id`, `projectile_speed`, `mag`, `description`, `devinfo`) VALUES
(11, 'Death', 'def_death.png', 100, 1, 1, 3, NULL, NULL, 'A lethal and cool-looking weapon wielded by Death itself', 'FIRE: melee attack\nALTFIRE: take away enemy weapon\nUNEQUIP: default'),
(12, 'Nailgun', 'def_nailgun.png', 20, 3, 2, 2, 0.8, 13, 'Safety instructions would suggest you NOT to pin coworkers to a wall...', 'FIRE: shoot (gravity)\nALTFIRE: -\nUNEQUIP: default'),
(13, 'Cleaver', 'def_cleaver.png', 70, 0.8, 1, 1, 0.4, NULL, 'Chop things up with this very nuanced instrument of destruction. Don\'t cut your finger.', 'FIRE: melee attack\nALTFIRE: -\nUNEQUIP: default'),
(14, 'Chainsaw', 'def_chainsaw.png', 3, 20, 2, 2, NULL, 200, 'Ever heard of Mick Gordon? The Doom Slayer? Hell, maybe?', 'FIRE: rev, damage on\nALTFIRE: -\nUNEQUIP: default'),
(15, 'Taser', 'def_taser.png', 50, 1, 1, 1, NULL, NULL, 'Some crackhead clunker cranked the crap out of this cruel (but previously non-lethal) critter.', 'FIRE: check triggerbox in front of muzzle\nALTFIRE: -\nUNEQUIP: default'),
(16, 'Knife', 'def_knife.png', 50, 1.5, 3, 1, 0.4, NULL, 'If the glove don\'t fit, stop wearing them and continue stabbing', 'FIRE: melee attack\nALTFIRE: throw (gravity)\nUNEQUIP: default'),
(21, 'The Power of Words', 'def_hatespeech.png', 10, 30, 2, 3, 343, 90, 'SPREAD AWARENESS IN A CONE', 'FIRE: check triggerbox in front of muzzle\nALFTIRE: -\nUNEQUIP: default'),
(22, 'Pistol', 'def_pistol.png', 35, 3, 1, 1, 1, 12, '9 millimeters is a LOT.', 'FIRE: shoot particle\nALTFIRE: -\nUNEQUIP: default'),
(23, 'Shotgun', 'def_shotgun.png', 15, 0.75, 1, 2, 0.85, 7, 'If you get the general direction right, you\'ll have no problems with this one', 'FIRE: shoot particles(7)\nALTFIRE: -\nUNEQUIP: default'),
(24, 'Pressure!', 'def_sawedoff.png', 7, 4, 1, 2, 0.85, 2, 'You already massacred a perfectly good metal tube, so everyone knows you have the resolve', 'FIRE: shoot particles(15)\nALTFIRE: -\nUNEQUIP: default'),
(31, 'Wrath of Nobunaga', 'def_musket.png', 400, 1, 1, 3, 0.8, 1, 'The legendary daimyo left you a present. He will smile upon you if you put it to good use!', 'FIRE: shoot particle (3 ricochet, every bounce halves damage)\nALTFIRE: -\nUNEQUIP: default'),
(32, 'Bow', 'def_bow.png', 70, 0.3, 1, 2, 0.6, 1, 'Ranged weapon against pointy sticks, who would win?', 'FIRE: shoot particle (gravity)\nALTFIRE: refill\nUNEQUIP: default'),
(33, 'Kunai', 'def_kunai.png', 40, 1, 1, 1, 0.6, NULL, 'If your arms aren\'t long enough... damn that\'s a straight line...', 'FIRE: melee attack\nALTFIRE: throw\nUNEQUIP: default'),
(34, 'Dagger', 'def_dagger.png', 50, 1.5, 3, 1, NULL, NULL, 'If all else fails...', 'FIRE: melee attack\nALTFIRE: -\nUNEQUIP: default'),
(35, 'Katana', 'def_katana.png', 75, 1, 3, 2, NULL, NULL, 'Craftsmanship and lethality meet in your hands.', 'FIRE: melee attack\nALTFIRE: stab\nUNEQUIP: default'),
(36, 'Kusarigama', 'def_kusarigama.png', 50, 0.6, 3, 1, 0.4, NULL, 'A deadly weapon...', 'FIRE: melee attack\nALTFIRE: throw (gravity)\nUNEQUIP: default'),
(41, 'Sniper', 'def_sniper.png', 20, 1, 0, 3, 10, 5, 'A deadly weapon', 'FIRE:');

--
-- Indexes for dumped tables
--

--
-- Indexes for table `maps`
--
ALTER TABLE `maps`
  ADD PRIMARY KEY (`id`),
  ADD KEY `music_pack_id` (`music_pack_id`);

--
-- Indexes for table `map_weapons`
--
ALTER TABLE `map_weapons`
  ADD PRIMARY KEY (`map_id`,`weapon_id`),
  ADD KEY `weapon_id` (`weapon_id`);

--
-- Indexes for table `music_packs`
--
ALTER TABLE `music_packs`
  ADD PRIMARY KEY (`id`);

--
-- Indexes for table `players`
--
ALTER TABLE `players`
  ADD PRIMARY KEY (`username`),
  ADD KEY `music_pack_id` (`music_pack_id`),
  ADD KEY `fk_players_player_skins` (`active_skin_id`);

--
-- Indexes for table `player_login`
--
ALTER TABLE `player_login`
  ADD PRIMARY KEY (`username`);

--
-- Indexes for table `player_music_inventory`
--
ALTER TABLE `player_music_inventory`
  ADD PRIMARY KEY (`player_id`,`music_pack_id`),
  ADD KEY `music_pack_id` (`music_pack_id`);

--
-- Indexes for table `player_skins`
--
ALTER TABLE `player_skins`
  ADD PRIMARY KEY (`id`);

--
-- Indexes for table `player_skin_inventory`
--
ALTER TABLE `player_skin_inventory`
  ADD PRIMARY KEY (`player_id`,`skin_id`),
  ADD KEY `skin_id` (`skin_id`);

--
-- Indexes for table `rarities`
--
ALTER TABLE `rarities`
  ADD PRIMARY KEY (`id`);

--
-- Indexes for table `weapons`
--
ALTER TABLE `weapons`
  ADD PRIMARY KEY (`id`),
  ADD KEY `rarity_id` (`rarity_id`);

--
-- AUTO_INCREMENT for dumped tables
--

--
-- AUTO_INCREMENT for table `maps`
--
ALTER TABLE `maps`
  MODIFY `id` int(11) NOT NULL AUTO_INCREMENT, AUTO_INCREMENT=9;

--
-- AUTO_INCREMENT for table `music_packs`
--
ALTER TABLE `music_packs`
  MODIFY `id` int(11) NOT NULL AUTO_INCREMENT, AUTO_INCREMENT=7;

--
-- AUTO_INCREMENT for table `player_skins`
--
ALTER TABLE `player_skins`
  MODIFY `id` int(11) NOT NULL AUTO_INCREMENT, AUTO_INCREMENT=10;

--
-- AUTO_INCREMENT for table `rarities`
--
ALTER TABLE `rarities`
  MODIFY `id` int(11) NOT NULL AUTO_INCREMENT, AUTO_INCREMENT=4;

--
-- AUTO_INCREMENT for table `weapons`
--
ALTER TABLE `weapons`
  MODIFY `id` int(11) NOT NULL AUTO_INCREMENT, AUTO_INCREMENT=44;

--
-- Constraints for dumped tables
--

--
-- Constraints for table `maps`
--
ALTER TABLE `maps`
  ADD CONSTRAINT `maps_ibfk_1` FOREIGN KEY (`music_pack_id`) REFERENCES `music_packs` (`id`) ON DELETE SET NULL ON UPDATE CASCADE;

--
-- Constraints for table `map_weapons`
--
ALTER TABLE `map_weapons`
  ADD CONSTRAINT `map_weapons_ibfk_1` FOREIGN KEY (`map_id`) REFERENCES `maps` (`id`) ON DELETE CASCADE ON UPDATE CASCADE,
  ADD CONSTRAINT `map_weapons_ibfk_2` FOREIGN KEY (`weapon_id`) REFERENCES `weapons` (`id`) ON DELETE CASCADE ON UPDATE CASCADE;

--
-- Constraints for table `players`
--
ALTER TABLE `players`
  ADD CONSTRAINT `fk_players_player_skins` FOREIGN KEY (`active_skin_id`) REFERENCES `player_skins` (`id`) ON DELETE SET NULL,
  ADD CONSTRAINT `players_ibfk_2` FOREIGN KEY (`music_pack_id`) REFERENCES `music_packs` (`id`) ON DELETE SET NULL;

--
-- Constraints for table `player_login`
--
ALTER TABLE `player_login`
  ADD CONSTRAINT `player_login_ibfk_1` FOREIGN KEY (`username`) REFERENCES `players` (`username`) ON DELETE CASCADE ON UPDATE CASCADE;

--
-- Constraints for table `player_music_inventory`
--
ALTER TABLE `player_music_inventory`
  ADD CONSTRAINT `player_music_inventory_ibfk_1` FOREIGN KEY (`player_id`) REFERENCES `players` (`username`) ON DELETE CASCADE,
  ADD CONSTRAINT `player_music_inventory_ibfk_2` FOREIGN KEY (`music_pack_id`) REFERENCES `music_packs` (`id`) ON DELETE CASCADE;

--
-- Constraints for table `player_skin_inventory`
--
ALTER TABLE `player_skin_inventory`
  ADD CONSTRAINT `player_skin_inventory_ibfk_1` FOREIGN KEY (`player_id`) REFERENCES `players` (`username`) ON DELETE CASCADE ON UPDATE CASCADE;

--
-- Constraints for table `weapons`
--
ALTER TABLE `weapons`
  ADD CONSTRAINT `weapons_ibfk_1` FOREIGN KEY (`rarity_id`) REFERENCES `rarities` (`id`);
COMMIT;

/*!40101 SET CHARACTER_SET_CLIENT=@OLD_CHARACTER_SET_CLIENT */;
/*!40101 SET CHARACTER_SET_RESULTS=@OLD_CHARACTER_SET_RESULTS */;
/*!40101 SET COLLATION_CONNECTION=@OLD_COLLATION_CONNECTION */;
